NUMERO,CODIGO,GRUPO,DESCRICAO,BAIRRO,AREA,TIROS,DATA,ANO,MES,SEMANA,HORA,UCR,RUA,LATITUDE,LONGITUDE,COORDENADAS,DTNOTIF,HRNOTIF
I192082859,724,Auto Theft,AUTO THEFT,E18,519,,2019-10-13 09:28:24,2019,10,Sunday,9,Part One,LINCOLN ST,42.25951765,-71.12156299,"(42.25951765, -71.12156299)",2019-10-13,09:28:24
I192082751,724,Auto Theft,AUTO THEFT,E18,493,,2019-10-12 20:11:26,2019,10,Saturday,20,Part One,METROPOLITAN AVE,42.26209214,-71.11670964,"(42.26209214, -71.11670964)",2019-10-12,20:11:26
I192082680,727,Auto Theft,AUTO THEFT - LEASED/RENTED VEHICLE,D14,794,,2019-10-12 15:12:43,2019,10,Saturday,15,Part One,ALLSTON ST,42.35237455,-71.13509584,"(42.35237455, -71.13509584)",2019-10-12,15:12:43
I192082577,724,Auto Theft,AUTO THEFT,D4,130,,2019-10-12 04:41:52,2019,10,Saturday,4,Part One,SAINT JAMES AVE,42.34947586,-71.0764015,"(42.34947586, -71.07640150)",2019-10-12,04:41:52
I192079582,727,Auto Theft,AUTO THEFT - LEASED/RENTED VEHICLE,A15,47,,2019-10-02 08:08:49,2019,10,Wednesday,8,Part One,N MEAD ST,42.38184582,-71.06655134,"(42.38184582, -71.06655134)",2019-10-02,08:08:49
I192078648,3114,Investigate Property,INVESTIGATE PROPERTY,B3,427,,2019-09-29 06:39:00,2019,9,Sunday,6,Part Three,WILMORE ST,42.27796370000000,-71.09246318,"(42.27796370, -71.09246318)",2019-09-29,06:39:00
I192078647,3115,Investigate Person,INVESTIGATE PERSON,A1, ,,2019-09-29 03:45:00,2019,9,Sunday,3,Part Three,NASHUA ST,42.36769032,-71.06586347,"(42.36769032, -71.06586347)",2019-09-29,03:45:00
I192078645,3301,Verbal Disputes,VERBAL DISPUTE,B3,450,,2019-09-29 06:00:00,2019,9,Sunday,6,Part Three,ASPINWALL RD,42.2918158,-71.07244098,"(42.29181580, -71.07244098)",2019-09-29,06:00:00
I192078645,1402,Vandalism,VANDALISM,B3,450,,2019-09-29 06:00:00,2019,9,Sunday,6,Part Two,ASPINWALL RD,42.2918158,-71.07244098,"(42.29181580, -71.07244098)",2019-09-29,06:00:00
I192078642,3820,Motor Vehicle Accident Response,M/V ACCIDENT INVOLVING PEDESTRIAN - INJURY,D4,269,,2019-09-29 05:50:00,2019,9,Sunday,5,Part Three,ALBANY ST,42.33241896,-71.07501315,"(42.33241896, -71.07501315)",2019-09-29,05:50:00
I192078640,3115,Investigate Person,INVESTIGATE PERSON,A7,28,,2019-09-29 01:30:00,2019,9,Sunday,1,Part Three,PARIS ST,42.37339168,-71.03647779,"(42.37339168, -71.03647779)",2019-09-29,01:30:00
I192078638,1402,Vandalism,VANDALISM,A1,75,,2019-09-29 04:46:00,2019,9,Sunday,4,Part Two,CAUSEWAY ST,42.36433126,-71.06319318,"(42.36433126, -71.06319318)",2019-09-29,04:46:00
I192078638,423,Aggravated Assault,ASSAULT - AGGRAVATED,A1,75,,2019-09-29 04:46:00,2019,9,Sunday,4,Part One,CAUSEWAY ST,42.36433126,-71.06319318,"(42.36433126, -71.06319318)",2019-09-29,04:46:00
I192078637,3114,Investigate Property,INVESTIGATE PROPERTY,E5,563,,2019-09-29 04:57:00,2019,9,Sunday,4,Part Three,FIRTH RD,42.28861715,-71.12579957,"(42.28861715, -71.12579957)",2019-09-29,04:57:00
I192078636,521,Residential Burglary,BURGLARY - RESIDENTIAL - ATTEMPT,B2,316,,2019-09-29 04:40:00,2019,9,Sunday,4,Part One,ABBOTSFORD ST,42.31462973,-71.0926152,"(42.31462973, -71.09261520)",2019-09-29,04:40:00
I192078635,3301,Verbal Disputes,VERBAL DISPUTE,B3,466,,2019-09-28 23:55:00,2019,9,Saturday,23,Part Three,GOODALE RD,42.2836283,-71.09349553,"(42.28362830, -71.09349553)",2019-09-28,23:55:00
I192078633,3831,Motor Vehicle Accident Response,M/V - LEAVING SCENE - PROPERTY DAMAGE,B3,436,,2019-09-29 00:43:00,2019,9,Sunday,0,Part Three,WENTWORTH ST,42.28757867,-71.07527310000000,"(42.28757867, -71.07527310)",2019-09-29,00:43:00
I192078632,3301,Verbal Disputes,VERBAL DISPUTE,B3,429,,2019-09-29 00:33:00,2019,9,Sunday,0,Part Three,HARWOOD ST,42.2857651,-71.08763245,"(42.28576510, -71.08763245)",2019-09-29,00:33:00
I192078628,3115,Investigate Person,INVESTIGATE PERSON,B2,328,,2019-09-29 03:19:00,2019,9,Sunday,3,Part Three,MAGNOLIA ST,42.31193478,-71.07341982,"(42.31193478, -71.07341982)",2019-09-29,03:19:00
I192078624,3301,Verbal Disputes,VERBAL DISPUTE,B2,311,,2019-09-29 00:19:00,2019,9,Sunday,0,Part Three,MAYWOOD ST,42.31785924,-71.08103560000000,"(42.31785924, -71.08103560)",2019-09-29,00:19:00
I192078623,3802,Motor Vehicle Accident Response,M/V ACCIDENT - PROPERTY  DAMAGE,C11,400,,2019-09-28 22:40:00,2019,9,Saturday,22,Part Three,MONTAGUE ST,42.28606484,-71.07001038,"(42.28606484, -71.07001038)",2019-09-28,22:40:00
I192078622,619,Larceny,LARCENY ALL OTHERS,C6,201,,2019-09-29 03:04:00,2019,9,Sunday,3,Part One,W BROADWAY,42.34006986,-71.05279420000000,"(42.34006986, -71.05279420)",2019-09-29,03:04:00
I192078621,1501,Firearm Violations,"WEAPON - FIREARM - CARRYING / POSSESSING, ETC",B3,421,,2019-09-29 03:09:00,2019,9,Sunday,3,Part Two,W SELDEN ST,42.27967492,-71.08381263,"(42.27967492, -71.08381263)",2019-09-29,03:09:00
I192078619,3006,Medical Assistance,SICK/INJURED/MEDICAL - PERSON,A1,111,,2019-09-29 01:00:00,2019,9,Sunday,1,Part Three,TREMONT ST,42.35594239,-71.06258333,"(42.35594239, -71.06258333)",2019-09-29,01:00:00
I192078615,3803,Motor Vehicle Accident Response,M/V ACCIDENT - PERSONAL INJURY,A7,25,,2019-09-29 02:25:00,2019,9,Sunday,2,Part Three,CONDOR ST,42.38258915,-71.03341969,"(42.38258915, -71.03341969)",2019-09-29,02:25:00
I192078613,423,Aggravated Assault,ASSAULT - AGGRAVATED,A7,17,,2019-09-29 02:30:00,2019,9,Sunday,2,Part One,CHELSEA ST,42.3791237,-71.0280821,"(42.37912370, -71.02808210)",2019-09-29,02:30:00
I192078613,802,Simple Assault,ASSAULT SIMPLE - BATTERY,A7,17,,2019-09-29 02:30:00,2019,9,Sunday,2,Part Two,CHELSEA ST,42.3791237,-71.0280821,"(42.37912370, -71.02808210)",2019-09-29,02:30:00
I192078612,3114,Investigate Property,INVESTIGATE PROPERTY,D14,800,,2019-09-29 02:39:00,2019,9,Sunday,2,Part Three,BRIGHTON AVE,42.35272466,-71.12927406,"(42.35272466, -71.12927406)",2019-09-29,02:39:00
I192078611,1402,Vandalism,VANDALISM,D14,789,,2019-09-29 01:30:00,2019,9,Sunday,1,Part Two,BRAEMORE RD,42.338401400000000,-71.15158388,"(42.33840140, -71.15158388)",2019-09-29,01:30:00
I192078610,3501,Missing Person Reported,MISSING PERSON,D4,145,,2019-09-29 01:53:00,2019,9,Sunday,1,Part Three,DURHAM ST,42.34403563,-71.08117746,"(42.34403563, -71.08117746)",2019-09-29,01:53:00
I192078609,301,Robbery,ROBBERY - STREET,A1,119,,2019-09-29 01:01:00,2019,9,Sunday,1,Part One,TREMONT ST,42.35637531,-71.06213513,"(42.35637531, -71.06213513)",2019-09-29,01:01:00
I192078608,801,Simple Assault,ASSAULT - SIMPLE,E18,501,,2019-09-29 01:35:00,2019,9,Sunday,1,Part Two,CANTERBURY ST,42.27868789,-71.1173443,"(42.27868789, -71.11734430)",2019-09-29,01:35:00
I192078607,3114,Investigate Property,INVESTIGATE PROPERTY,D14,749,,2019-09-29 01:20:00,2019,9,Sunday,1,Part Three,COMMONWEALTH AVE,42.33906470000000,-71.15642795,"(42.33906470, -71.15642795)",2019-09-29,01:20:00
I192078606,3201,Property Lost,PROPERTY - LOST,C6,200,,2019-09-29 02:21:00,2019,9,Sunday,2,Part Three,W BROADWAY,42.34128751,-71.05467933,"(42.34128751, -71.05467933)",2019-09-29,02:21:00
I192078604,2906,Violations,VAL - OPERATING UNREG/UNINS  CAR,B2,267,,2019-09-29 01:45:00,2019,9,Sunday,1,Part Two,DUDLEY ST,42.32643963,-71.07577308,"(42.32643963, -71.07577308)",2019-09-29,01:45:00
I192078604,2907,Violations,VAL - OPERATING AFTER REV/SUSP.,B2,267,,2019-09-29 01:45:00,2019,9,Sunday,1,Part Two,DUDLEY ST,42.32643963,-71.07577308,"(42.32643963, -71.07577308)",2019-09-29,01:45:00
I192078603,301,Robbery,ROBBERY - STREET,A7,23,,2019-09-29 01:30:00,2019,9,Sunday,1,Part One,BENNINGTON ST,42.37546983,-71.03730221,"(42.37546983, -71.03730221)",2019-09-29,01:30:00
I192078603,802,Simple Assault,ASSAULT SIMPLE - BATTERY,A7,23,,2019-09-29 01:30:00,2019,9,Sunday,1,Part Two,BENNINGTON ST,42.37546983,-71.03730221,"(42.37546983, -71.03730221)",2019-09-29,01:30:00
I192078602,3125,Warrant Arrests,WARRANT ARREST,B3,465,,2019-09-29 01:50:00,2019,9,Sunday,1,Part Three,BLUE HILL AVE,42.28482577,-71.09137369,"(42.28482577, -71.09137369)",2019-09-29,01:50:00
I192078602,3119,Firearm Discovery,FIREARM/WEAPON - FOUND OR CONFISCATED,B3,465,,2019-09-29 01:50:00,2019,9,Sunday,1,Part Three,BLUE HILL AVE,42.28482577,-71.09137369,"(42.28482577, -71.09137369)",2019-09-29,01:50:00
I192078602,1501,Firearm Violations,"WEAPON - FIREARM - CARRYING / POSSESSING, ETC",B3,465,,2019-09-29 01:50:00,2019,9,Sunday,1,Part Two,BLUE HILL AVE,42.28482577,-71.09137369,"(42.28482577, -71.09137369)",2019-09-29,01:50:00
I192078602,1504,Other,WEAPON - OTHER - OTHER VIOLATION,B3,465,,2019-09-29 01:50:00,2019,9,Sunday,1,Part Two,BLUE HILL AVE,42.28482577,-71.09137369,"(42.28482577, -71.09137369)",2019-09-29,01:50:00
I192078601,3501,Missing Person Reported,MISSING PERSON,B2,587,,2019-09-28 22:15:00,2019,9,Saturday,22,Part Three,ALLEGHANY ST,42.33056977,-71.09959089,"(42.33056977, -71.09959089)",2019-09-28,22:15:00
I192078600,413,Aggravated Assault,ASSAULT - AGGRAVATED - BATTERY,C11,340,,2019-09-29 00:08:40,2019,9,Sunday,0,Part One,BOWDOIN ST,42.30811103,-71.06458431,"(42.30811103, -71.06458431)",2019-09-29,00:08:40
I192078599,1402,Vandalism,VANDALISM,B2,238,,2019-09-28 23:21:00,2019,9,Saturday,23,Part Two,WENDOVER ST,42.31882655,-71.06605368,"(42.31882655, -71.06605368)",2019-09-28,23:21:00
I192078597,2662,Ballistics,BALLISTICS EVIDENCE/FOUND,B2,326,,2019-09-29 00:58:00,2019,9,Sunday,0,Part Two,FAYSTON ST,42.31224327,-71.07549901,"(42.31224327, -71.07549901)",2019-09-29,00:58:00
I192078596,3410,Towed,TOWED MOTOR VEHICLE,A7,21,,2019-09-29 00:30:00,2019,9,Sunday,0,Part Three,BREMEN ST,42.37346135,-71.03356923,"(42.37346135, -71.03356923)",2019-09-29,00:30:00
I192078594,613,Larceny,LARCENY SHOPLIFTING,D4,619,,2019-09-28 23:57:00,2019,9,Saturday,23,Part One,MASSACHUSETTS AVE,42.34439568,-71.08632016,"(42.34439568, -71.08632016)",2019-09-28,23:57:00
I192078592,3501,Missing Person Reported,MISSING PERSON,A7,30,,2019-09-28 23:11:00,2019,9,Saturday,23,Part Three,FRANKFORT ST,42.36956222,-71.03544834,"(42.36956222, -71.03544834)",2019-09-28,23:11:00
I192078590,522,Residential Burglary,BURGLARY - RESIDENTIAL - NO FORCE,B2,603,,2019-09-29 00:32:00,2019,9,Sunday,0,Part One,PONTIAC ST,42.33118138,-71.1015755,"(42.33118138, -71.10157550)",2019-09-29,00:32:00
I192078589,3805,Motor Vehicle Accident Response,M/V ACCIDENT - POLICE VEHICLE,C6,199,,2019-09-29 00:26:00,2019,9,Sunday,0,Part Three,DORCHESTER AVE,42.33976143,-71.0570922,"(42.33976143, -71.05709220)",2019-09-29,00:26:00
I192078588,1849,Drug Violation,"DRUGS - POSS CLASS B - COCAINE, ETC.",A7,26,,2019-09-29 00:19:00,2019,9,Sunday,0,Part Two,MERIDIAN ST,42.3831816,-71.03930929,"(42.38318160, -71.03930929)",2019-09-29,00:19:00
I192078588,1843,Drug Violation,DRUGS - POSS CLASS B - INTENT TO MFR DIST DISP,A7,26,,2019-09-29 00:19:00,2019,9,Sunday,0,Part Two,MERIDIAN ST,42.3831816,-71.03930929,"(42.38318160, -71.03930929)",2019-09-29,00:19:00
I192078587,3006,Medical Assistance,SICK/INJURED/MEDICAL - PERSON,E13,570,,2019-09-29 00:14:00,2019,9,Sunday,0,Part Three,ROCKVALE CIR,42.30734156,-71.1054409,"(42.30734156, -71.10544090)",2019-09-29,00:14:00
I192078586,3802,Motor Vehicle Accident Response,M/V ACCIDENT - PROPERTY  DAMAGE,E18,485,,2019-09-28 23:33:00,2019,9,Saturday,23,Part Three,MATTAKEESET ST,42.26483674,-71.09966819,"(42.26483674, -71.09966819)",2019-09-28,23:33:00
I192078583,3801,Motor Vehicle Accident Response,M/V ACCIDENT - OTHER,E18,478,,2019-09-28 23:26:00,2019,9,Saturday,23,Part Three,GREENFIELD RD,42.27080089,-71.10581184,"(42.27080089, -71.10581184)",2019-09-28,23:26:00
I192078582,3831,Motor Vehicle Accident Response,M/V - LEAVING SCENE - PROPERTY DAMAGE,E13,906,,2019-09-28 22:26:00,2019,9,Saturday,22,Part Three,WALDEN ST,42.32561013,-71.10449956,"(42.32561013, -71.10449956)",2019-09-28,22:26:00
I192078581,801,Simple Assault,ASSAULT - SIMPLE,E13,639,,2019-09-28 23:04:00,2019,9,Saturday,23,Part Two,CENTRE ST,42.31495383,-71.11410163,"(42.31495383, -71.11410163)",2019-09-28,23:04:00
I192078580,3006,Medical Assistance,SICK/INJURED/MEDICAL - PERSON,C11,337,,2019-09-28 23:13:00,2019,9,Saturday,23,Part Three,COLUMBIA RD,42.30969169,-71.07285868,"(42.30969169, -71.07285868)",2019-09-28,23:13:00
I192078578,3301,Verbal Disputes,VERBAL DISPUTE,C11,364,,2019-09-28 23:02:00,2019,9,Saturday,23,Part Three,LESLIE ST,42.29514664,-71.05860832,"(42.29514664, -71.05860832)",2019-09-28,23:02:00
I192078577,3115,Investigate Person,INVESTIGATE PERSON,A7,22,,2019-09-28 23:10:00,2019,9,Saturday,23,Part Three,LONDON ST,42.37568399,-71.03624887,"(42.37568399, -71.03624887)",2019-09-28,23:10:00
I192078576,3301,Verbal Disputes,VERBAL DISPUTE,B2,181,,2019-09-28 22:59:00,2019,9,Saturday,22,Part Three,CEDRIC ST,42.32571409,-71.07131716,"(42.32571409, -71.07131716)",2019-09-28,22:59:00
I192078575,3301,Verbal Disputes,VERBAL DISPUTE,B3,468,,2019-09-28 22:42:00,2019,9,Saturday,22,Part Three,WALK HILL ST,42.28082671,-71.09754718,"(42.28082671, -71.09754718)",2019-09-28,22:42:00
I192078574,724,Auto Theft,AUTO THEFT,B2,238,,2019-09-28 23:17:18,2019,9,Saturday,23,Part One,DUDLEY TER,42.31814836,-71.06708346,"(42.31814836, -71.06708346)",2019-09-28,23:17:18
I192078573,802,Simple Assault,ASSAULT SIMPLE - BATTERY,B2,309,,2019-09-28 18:29:00,2019,9,Saturday,18,Part Two,MARTIN LUTHER KING JR BLV,42.31860134,-71.08405792,"(42.31860134, -71.08405792)",2019-09-28,18:29:00
I192078572,3108,Fire Related Reports,"FIRE REPORT - HOUSE, BUILDING, ETC.",D4,624,,2019-09-28 22:50:00,2019,9,Saturday,22,Part Three,IPSWICH ST,42.34717651,-71.09433704,"(42.34717651, -71.09433704)",2019-09-28,22:50:00
I192078570,3115,Investigate Person,INVESTIGATE PERSON,B3,466,,2019-09-28 22:40:00,2019,9,Saturday,22,Part Three,MORTON ST,42.28560167,-71.0931713,"(42.28560167, -71.09317130)",2019-09-28,22:40:00
I192078569,2662,Ballistics,BALLISTICS EVIDENCE/FOUND,B3,449,,2019-09-28 22:44:00,2019,9,Saturday,22,Part Two,NORWELL ST,42.29217421,-71.07729507,"(42.29217421, -71.07729507)",2019-09-28,22:44:00
I192078568,3301,Verbal Disputes,VERBAL DISPUTE,E5,714,,2019-09-28 21:15:00,2019,9,Saturday,21,Part Three,TOBIN RD,42.25900645,-71.16067857,"(42.25900645, -71.16067857)",2019-09-28,21:15:00
I192078564,3410,Towed,TOWED MOTOR VEHICLE,C11,362,,2019-09-28 19:08:00,2019,9,Saturday,19,Part Three,MOULTRIE ST,42.29170195,-71.06899820000000,"(42.29170195, -71.06899820)",2019-09-28,19:08:00
I192078563,413,Aggravated Assault,ASSAULT - AGGRAVATED - BATTERY,B3,450,,2019-09-28 20:56:00,2019,9,Saturday,20,Part One,WHITFIELD ST,42.29276044,-71.07486603,"(42.29276044, -71.07486603)",2019-09-28,20:56:00
I192078563,802,Simple Assault,ASSAULT SIMPLE - BATTERY,B3,450,,2019-09-28 20:56:00,2019,9,Saturday,20,Part Two,WHITFIELD ST,42.29276044,-71.07486603,"(42.29276044, -71.07486603)",2019-09-28,20:56:00
I192078563,423,Aggravated Assault,ASSAULT - AGGRAVATED,B3,450,,2019-09-28 20:56:00,2019,9,Saturday,20,Part One,WHITFIELD ST,42.29276044,-71.07486603,"(42.29276044, -71.07486603)",2019-09-28,20:56:00
I192078562,3006,Medical Assistance,SICK/INJURED/MEDICAL - PERSON,C6,200,,2019-09-28 21:48:00,2019,9,Saturday,21,Part Three,W BROADWAY,42.34128751,-71.05467933,"(42.34128751, -71.05467933)",2019-09-28,21:48:00
I192078561,3810,Motor Vehicle Accident Response,M/V ACCIDENT - INVOLVING  BICYCLE - INJURY,D14,811,,2019-09-28 21:49:00,2019,9,Saturday,21,Part Three,WESTERN AVE,42.36312194,-71.13056327,"(42.36312194, -71.13056327)",2019-09-28,21:49:00
I192078559,3001,Medical Assistance,DEATH INVESTIGATION,E13,578,,2019-09-28 22:01:00,2019,9,Saturday,22,Part Three,WYMAN ST,42.32077767,-71.10553808,"(42.32077767, -71.10553808)",2019-09-28,22:01:00
I192078557,3501,Missing Person Reported,MISSING PERSON,D14,811,,2019-09-28 06:00:00,2019,9,Saturday,6,Part Three,RIVERDALE ST,42.36233533,-71.13258754,"(42.36233533, -71.13258754)",2019-09-28,06:00:00
I192078556,2511,Other,KIDNAPPING - ENTICING OR ATTEMPTED,A1,123,,2019-09-28 20:49:00,2019,9,Saturday,20,Part Two,WASHINGTON ST,42.34997256,-71.06348817,"(42.34997256, -71.06348817)",2019-09-28,20:49:00
I192078556,1107,Fraud,FRAUD - IMPERSONATION,A1,123,,2019-09-28 20:49:00,2019,9,Saturday,20,Part Two,WASHINGTON ST,42.34997256,-71.06348817,"(42.34997256, -71.06348817)",2019-09-28,20:49:00
I192078556,423,Aggravated Assault,ASSAULT - AGGRAVATED,A1,123,,2019-09-28 20:49:00,2019,9,Saturday,20,Part One,WASHINGTON ST,42.34997256,-71.06348817,"(42.34997256, -71.06348817)",2019-09-28,20:49:00
I192078556,3170,Other,INTIMIDATING WITNESS,A1,123,,2019-09-28 20:49:00,2019,9,Saturday,20,Part Three,WASHINGTON ST,42.34997256,-71.06348817,"(42.34997256, -71.06348817)",2019-09-28,20:49:00
I192078555,2405,Disorderly Conduct,DISORDERLY CONDUCT,A1,75,,2019-09-28 21:23:00,2019,9,Saturday,21,Part Two,CAUSEWAY ST,42.3649755,-71.062044,"(42.36497550, -71.06204400)",2019-09-28,21:23:00
I192078553,3410,Towed,TOWED MOTOR VEHICLE,D14,785,,2019-09-28 21:15:00,2019,9,Saturday,21,Part Three,RANSOM RD,42.34305189,-71.14524866,"(42.34305189, -71.14524866)",2019-09-28,21:15:00
I192078550,3006,Medical Assistance,SICK/INJURED/MEDICAL - PERSON,C11,235,,2019-09-28 20:44:00,2019,9,Saturday,20,Part Three,CARSON ST,42.3197573,-71.05428941,"(42.31975730, -71.05428941)",2019-09-28,20:44:00
I192078549,522,Residential Burglary,BURGLARY - RESIDENTIAL - NO FORCE,C11,345,,2019-09-28 20:37:00,2019,9,Saturday,20,Part One,LONGFELLOW ST,42.30269797,-71.06601480000000,"(42.30269797, -71.06601480)",2019-09-28,20:37:00
I192078547,3301,Verbal Disputes,VERBAL DISPUTE,C11,344,,2019-09-28 21:08:00,2019,9,Saturday,21,Part Three,GENEVA AVE,42.30135087,-71.06796465,"(42.30135087, -71.06796465)",2019-09-28,21:08:00
I192078546,3805,Motor Vehicle Accident Response,M/V ACCIDENT - POLICE VEHICLE,C11,345,,2019-09-28 21:22:00,2019,9,Saturday,21,Part Three,LONGFELLOW ST,42.30269797,-71.06601480000000,"(42.30269797, -71.06601480)",2019-09-28,21:22:00
I192078545,614,Larceny From Motor Vehicle,LARCENY THEFT FROM MV - NON-ACCESSORY,, ,,2019-09-28 20:55:00,2019,9,Saturday,20,Part One,BREMEN,-1.0,-1.0,"(-1.00000000, -1.00000000)",2019-09-28,20:55:00
I192078543,613,Larceny,LARCENY SHOPLIFTING,E13,635,,2019-09-28 20:27:00,2019,9,Saturday,20,Part One,CENTRE ST,42.31929343,-71.11178236,"(42.31929343, -71.11178236)",2019-09-28,20:27:00
I192078542,3201,Property Lost,PROPERTY - LOST,C6,186,,2019-09-28 09:00:00,2019,9,Saturday,9,Part Three,ALLSTATE RD,42.32809966,-71.06321676,"(42.32809966, -71.06321676)",2019-09-28,09:00:00
I192078541,2647,Other,THREATS TO DO BODILY HARM,B2,293,,2019-09-28 20:35:00,2019,9,Saturday,20,Part Two,LOGAN ST,42.32610373,-71.09042875,"(42.32610373, -71.09042875)",2019-09-28,20:35:00
I192078539,614,Larceny From Motor Vehicle,LARCENY THEFT FROM MV - NON-ACCESSORY,C11,335,,2019-09-18 04:59:00,2019,9,Wednesday,4,Part One,HAMILTON ST,42.30658655,-71.06747889,"(42.30658655, -71.06747889)",2019-09-18,04:59:00
I192078538,802,Simple Assault,ASSAULT SIMPLE - BATTERY,C6,206,,2019-09-28 16:35:00,2019,9,Saturday,16,Part Two,SEAPORT BLVD,42.35196451,-71.04611291,"(42.35196451, -71.04611291)",2019-09-28,16:35:00
I192078537,3115,Investigate Person,INVESTIGATE PERSON,D4,157,,2019-09-28 20:24:00,2019,9,Saturday,20,Part Three,SAN JUAN ST,42.34070886,-71.07473698,"(42.34070886, -71.07473698)",2019-09-28,20:24:00
I192078536,619,Larceny,LARCENY ALL OTHERS,C11,397,,2019-09-28 19:30:00,2019,9,Saturday,19,Part One,CENTRE ST,42.29126463,-71.06811401,"(42.29126463, -71.06811401)",2019-09-28,19:30:00
I192078535,3006,Medical Assistance,SICK/INJURED/MEDICAL - PERSON,B3,421,,2019-09-28 19:28:00,2019,9,Saturday,19,Part Three,WOODDALE AVE,42.276131300000000,-71.08765351,"(42.27613130, -71.08765351)",2019-09-28,19:28:00
I192078534,617,Larceny,LARCENY THEFT FROM BUILDING,C11,359,,2019-09-28 19:56:53,2019,9,Saturday,19,Part One,WASHINGTON ST,42.29526287,-71.07207439,"(42.29526287, -71.07207439)",2019-09-28,19:56:53
I192078533,613,Larceny,LARCENY SHOPLIFTING,D4,146,,2019-09-28 19:40:00,2019,9,Saturday,19,Part One,HUNTINGTON AVE,42.347972400000000,-71.07849582,"(42.34797240, -71.07849582)",2019-09-28,19:40:00
I192078532,3301,Verbal Disputes,VERBAL DISPUTE,B3,944,,2019-09-28 19:05:00,2019,9,Saturday,19,Part Three,STRATTON ST,42.29017432,-71.08808525,"(42.29017432, -71.08808525)",2019-09-28,19:05:00
I192078531,802,Simple Assault,ASSAULT SIMPLE - BATTERY,C11,336,,2019-09-28 18:37:00,2019,9,Saturday,18,Part Two,NORTON ST,42.30626521,-71.06864556,"(42.30626521, -71.06864556)",2019-09-28,18:37:00
I192078530,413,Aggravated Assault,ASSAULT - AGGRAVATED - BATTERY,C6,222,,2019-09-28 18:58:06,2019,9,Saturday,18,Part One,E BROADWAY,42.33557815,-71.03867318,"(42.33557815, -71.03867318)",2019-09-28,18:58:06
I192078529,301,Robbery,ROBBERY - STREET,E5,822,,2019-09-27 23:00:00,2019,9,Friday,23,Part One,EDGEMERE RD,42.25867638,-71.15116479,"(42.25867638, -71.15116479)",2019-09-27,23:00:00
I192078529,413,Aggravated Assault,ASSAULT - AGGRAVATED - BATTERY,E5,822,,2019-09-27 23:00:00,2019,9,Friday,23,Part One,EDGEMERE RD,42.25867638,-71.15116479,"(42.25867638, -71.15116479)",2019-09-27,23:00:00
I192078528,3006,Medical Assistance,SICK/INJURED/MEDICAL - PERSON,B2,309,,2019-09-28 18:52:00,2019,9,Saturday,18,Part Three,CHARLAME PL,42.31905213,-71.08411413,"(42.31905213, -71.08411413)",2019-09-28,18:52:00
I192078527,2905,Violations,VAL - OPERATING WITHOUT LICENSE,C11,461,,2019-09-28 18:35:00,2019,9,Saturday,18,Part Two,GENEVA AVE,42.3049039,-71.07414043,"(42.30490390, -71.07414043)",2019-09-28,18:35:00
I192078527,3802,Motor Vehicle Accident Response,M/V ACCIDENT - PROPERTY  DAMAGE,C11,461,,2019-09-28 18:35:00,2019,9,Saturday,18,Part Three,GENEVA AVE,42.3049039,-71.07414043,"(42.30490390, -71.07414043)",2019-09-28,18:35:00
I192078526,3831,Motor Vehicle Accident Response,M/V - LEAVING SCENE - PROPERTY DAMAGE,D14,754,,2019-09-28 11:47:00,2019,9,Saturday,11,Part Three,WASHINGTON ST,42.350570000000000,-71.167812,"(42.35057000, -71.16781200)",2019-09-28,11:47:00
I192078525,3109,Police Service Incidents,SERVICE TO OTHER PD INSIDE OF MA.,C6,178,,2019-09-28 18:45:00,2019,9,Saturday,18,Part Three,MASSACHUSETTS AVE,42.32930936,-71.06898572,"(42.32930936, -71.06898572)",2019-09-28,18:45:00
I192078522,3006,Medical Assistance,SICK/INJURED/MEDICAL - PERSON,E5,736,,2019-09-28 18:10:00,2019,9,Saturday,18,Part Three,CENTRE ST,42.2853979,-71.1561609,"(42.28539790, -71.15616090)",2019-09-28,18:10:00
I192078521,615,Larceny From Motor Vehicle,LARCENY THEFT OF MV PARTS & ACCESSORIES,E18,492,,2019-09-28 18:08:00,2019,9,Saturday,18,Part One,BRADLEE ST,42.26728848,-71.11589407,"(42.26728848, -71.11589407)",2019-09-28,18:08:00
I192078521,2907,Violations,VAL - OPERATING AFTER REV/SUSP.,E18,492,,2019-09-28 18:08:00,2019,9,Saturday,18,Part Two,BRADLEE ST,42.26728848,-71.11589407,"(42.26728848, -71.11589407)",2019-09-28,18:08:00
I192078520,2610,Other,TRESPASSING,E13,645,,2019-09-28 18:18:00,2019,9,Saturday,18,Part Two,CENTRE ST,42.31265126,-71.11414509,"(42.31265126, -71.11414509)",2019-09-28,18:18:00
I192078520,3115,Investigate Person,INVESTIGATE PERSON,E13,645,,2019-09-28 18:18:00,2019,9,Saturday,18,Part Three,CENTRE ST,42.31265126,-71.11414509,"(42.31265126, -71.11414509)",2019-09-28,18:18:00
I192078519,2647,Other,THREATS TO DO BODILY HARM,C11,402,,2019-09-27 10:30:00,2019,9,Friday,10,Part Two,DORCHESTER AVE,42.28526024,-71.06444063,"(42.28526024, -71.06444063)",2019-09-27,10:30:00
I192078518,3503,Missing Person Located,MISSING PERSON - NOT REPORTED - LOCATED,E5,672,,2019-09-28 17:47:00,2019,9,Saturday,17,Part Three,TYNDALE ST,42.28718557,-71.13680491,"(42.28718557, -71.13680491)",2019-09-28,17:47:00
I192078517,3301,Verbal Disputes,VERBAL DISPUTE,B3,445,,2019-09-28 17:33:00,2019,9,Saturday,17,Part Three,GREENWOOD ST,42.30007731,-71.07990164,"(42.30007731, -71.07990164)",2019-09-28,17:33:00
I192078516,3301,Verbal Disputes,VERBAL DISPUTE,B2,330,,2019-09-28 17:58:00,2019,9,Saturday,17,Part Three,BLUE HILL AVE,42.30703587,-71.08410227,"(42.30703587, -71.08410227)",2019-09-28,17:58:00
I192078514,3006,Medical Assistance,SICK/INJURED/MEDICAL - PERSON,D4,152,,2019-09-28 17:43:00,2019,9,Saturday,17,Part Three,DARTMOUTH ST,42.34373406,-71.07419160000000,"(42.34373406, -71.07419160)",2019-09-28,17:43:00
I192078513,3410,Towed,TOWED MOTOR VEHICLE,E13,577,,2019-09-28 16:00:00,2019,9,Saturday,16,Part Three,DALRYMPLE ST,42.31517051,-71.1012512,"(42.31517051, -71.10125120)",2019-09-28,16:00:00
I192078512,619,Larceny,LARCENY ALL OTHERS,D14,793,,2019-09-28 16:58:00,2019,9,Saturday,16,Part One,COMMONWEALTH AVE,42.34989652,-71.1314345,"(42.34989652, -71.13143450)",2019-09-28,16:58:00
I192078511,3410,Towed,TOWED MOTOR VEHICLE,D4,156,,2019-09-28 17:40:00,2019,9,Saturday,17,Part Three,MASSACHUSETTS AVE,42.33828866,-71.07908476,"(42.33828866, -71.07908476)",2019-09-28,17:40:00
I192078510,3831,Motor Vehicle Accident Response,M/V - LEAVING SCENE - PROPERTY DAMAGE,D4,141,,2019-09-28 17:47:00,2019,9,Saturday,17,Part Three,NEWBURY ST,42.34840576,-71.08688339,"(42.34840576, -71.08688339)",2019-09-28,17:47:00
I192078507,3802,Motor Vehicle Accident Response,M/V ACCIDENT - PROPERTY  DAMAGE,C6,223,,2019-09-28 17:31:00,2019,9,Saturday,17,Part Three,E BROADWAY,42.33571838,-71.03025592,"(42.33571838, -71.03025592)",2019-09-28,17:31:00
I192078506,613,Larceny,LARCENY SHOPLIFTING,C11,450,,2019-09-28 17:34:00,2019,9,Saturday,17,Part One,WASHINGTON ST,42.29057504,-71.07165726,"(42.29057504, -71.07165726)",2019-09-28,17:34:00
I192078505,3801,Motor Vehicle Accident Response,M/V ACCIDENT - OTHER,B2,289,,2019-07-27 01:38:00,2019,7,Saturday,1,Part Three,TREMONT ST,42.33402461,-71.09039049,"(42.33402461, -71.09039049)",2019-07-27,01:38:00
I192078504,1874,Drug Violation,DRUGS - OTHER,C6,936,,2019-09-28 17:48:00,2019,9,Saturday,17,Part Two,ORTON-MAROTTA WAY,42.33857289,-71.05575501,"(42.33857289, -71.05575501)",2019-09-28,17:48:00
I192078503,1402,Vandalism,VANDALISM,B2,309,,2019-09-28 15:29:00,2019,9,Saturday,15,Part Two,CATAWBA ST,42.32004542,-71.08408182,"(42.32004542, -71.08408182)",2019-09-28,15:29:00
I192078502,802,Simple Assault,ASSAULT SIMPLE - BATTERY,A1,119,,2019-09-28 17:05:00,2019,9,Saturday,17,Part Two,TREMONT ST,42.35540738,-71.06312433,"(42.35540738, -71.06312433)",2019-09-28,17:05:00
I192078501,616,Larceny,LARCENY THEFT OF BICYCLE,C6,233,,2019-09-28 17:37:00,2019,9,Saturday,17,Part One,COLUMBIA RD,42.33054986,-71.04060752,"(42.33054986, -71.04060752)",2019-09-28,17:37:00
I192078499,3502,Missing Person Located,MISSING PERSON - LOCATED,D14,751,,2019-09-28 09:30:00,2019,9,Saturday,9,Part Three,LAKE SHORE RD,42.34379826,-71.16560344,"(42.34379826, -71.16560344)",2019-09-28,09:30:00
I192078498,3831,Motor Vehicle Accident Response,M/V - LEAVING SCENE - PROPERTY DAMAGE,E18,546,,2019-09-28 15:47:00,2019,9,Saturday,15,Part Three,MAGEE ST,42.26519721,-71.12686391,"(42.26519721, -71.12686391)",2019-09-28,15:47:00
I192078496,2900,Other,VAL - VIOLATION OF AUTO LAW - OTHER,D14,792,,2019-09-28 16:51:00,2019,9,Saturday,16,Part Two,KELTON ST,42.34731413,-71.13770456,"(42.34731413, -71.13770456)",2019-09-28,16:51:00
I192078496,1848,Drug Violation,DRUGS - POSS CLASS D - INTENT TO MFR DIST DISP,D14,792,,2019-09-28 16:51:00,2019,9,Saturday,16,Part Two,KELTON ST,42.34731413,-71.13770456,"(42.34731413, -71.13770456)",2019-09-28,16:51:00
I192078495,2629,Harassment,HARASSMENT,C6,189,,2019-09-28 17:23:00,2019,9,Saturday,17,Part Two,DORCHESTER AVE,42.32375090000000,-71.05683105,"(42.32375090, -71.05683105)",2019-09-28,17:23:00
I192078494,3114,Investigate Property,INVESTIGATE PROPERTY,D4,162,,2019-09-28 16:48:00,2019,9,Saturday,16,Part Three,SHAWMUT AVE,42.34557223,-71.06644168,"(42.34557223, -71.06644168)",2019-09-28,16:48:00
I192078492,3207,Property Found,PROPERTY - FOUND,C6,200,,2019-09-28 17:16:00,2019,9,Saturday,17,Part Three,W BROADWAY,42.34128751,-71.05467933,"(42.34128751, -71.05467933)",2019-09-28,17:16:00
I192078491,801,Simple Assault,ASSAULT - SIMPLE,D4,145,,2019-09-28 16:22:00,2019,9,Saturday,16,Part Two,SAINT BOTOLPH ST,42.34295139,-71.0831454,"(42.34295139, -71.08314540)",2019-09-28,16:22:00
I192078490,3115,Investigate Person,INVESTIGATE PERSON,B3,441,,2019-09-28 16:51:00,2019,9,Saturday,16,Part Three,HARVARD ST,42.29629726,-71.08115283,"(42.29629726, -71.08115283)",2019-09-28,16:51:00
I192078489,614,Larceny From Motor Vehicle,LARCENY THEFT FROM MV - NON-ACCESSORY,B3,565,,2019-09-28 00:00:00,2019,9,Saturday,0,Part One,AMERICAN LEGION HWY,42.29385183,-71.09373071,"(42.29385183, -71.09373071)",2019-09-28,00:00:00
I192078488,3503,Missing Person Located,MISSING PERSON - NOT REPORTED - LOCATED,C11,256,,2019-09-28 16:44:00,2019,9,Saturday,16,Part Three,COLUMBIA RD,42.32142759,-71.05234417,"(42.32142759, -71.05234417)",2019-09-28,16:44:00
I192078486,3301,Verbal Disputes,VERBAL DISPUTE,E5,678,,2019-09-28 16:14:00,2019,9,Saturday,16,Part Three,WELD ST,42.29336424,-71.14493995,"(42.29336424, -71.14493995)",2019-09-28,16:14:00
I192078485,614,Larceny From Motor Vehicle,LARCENY THEFT FROM MV - NON-ACCESSORY,D4,151,,2019-09-28 16:20:00,2019,9,Saturday,16,Part One,GRAY ST,42.34556708,-71.07147876,"(42.34556708, -71.07147876)",2019-09-28,16:20:00
I192078484,423,Aggravated Assault,ASSAULT - AGGRAVATED,B2,603,,2019-09-28 15:26:00,2019,9,Saturday,15,Part One,TREMONT ST,42.33380683,-71.10377843,"(42.33380683, -71.10377843)",2019-09-28,15:26:00
I192078484,613,Larceny,LARCENY SHOPLIFTING,B2,603,,2019-09-28 15:26:00,2019,9,Saturday,15,Part One,TREMONT ST,42.33380683,-71.10377843,"(42.33380683, -71.10377843)",2019-09-28,15:26:00
I192078483,3114,Investigate Property,INVESTIGATE PROPERTY,D14,768,,2019-09-28 13:46:00,2019,9,Saturday,13,Part Three,GOODENOUGH ST,42.35620474,-71.15421854,"(42.35620474, -71.15421854)",2019-09-28,13:46:00
I192078482,802,Simple Assault,ASSAULT SIMPLE - BATTERY,D4,162,,2019-09-28 15:21:00,2019,9,Saturday,15,Part Two,HARRISON AVE,42.34496729,-71.06382224,"(42.34496729, -71.06382224)",2019-09-28,15:21:00
I192078482,613,Larceny,LARCENY SHOPLIFTING,D4,162,,2019-09-28 15:21:00,2019,9,Saturday,15,Part One,HARRISON AVE,42.34496729,-71.06382224,"(42.34496729, -71.06382224)",2019-09-28,15:21:00
I192078481,3201,Property Lost,PROPERTY - LOST,D4,619,,2019-09-13 15:17:00,2019,9,Friday,15,Part Three,SYMPHONY RD,42.34295335,-71.08833139,"(42.34295335, -71.08833139)",2019-09-13,15:17:00
I192078480,2647,Other,THREATS TO DO BODILY HARM,A1,114,,2019-09-28 15:54:00,2019,9,Saturday,15,Part Two,ATLANTIC AVE,42.35438252,-71.05213281,"(42.35438252, -71.05213281)",2019-09-28,15:54:00
I192078479,2610,Other,TRESPASSING,C11,402,,2019-09-28 16:29:00,2019,9,Saturday,16,Part Two,FULLER ST,42.28248068,-71.06981187,"(42.28248068, -71.06981187)",2019-09-28,16:29:00
I192078478,724,Auto Theft,AUTO THEFT,A1,111,,2019-09-27 23:00:00,2019,9,Friday,23,Part One,TREMONT ST,42.35428377,-71.06380404,"(42.35428377, -71.06380404)",2019-09-27,23:00:00
I192078474,3801,Motor Vehicle Accident Response,M/V ACCIDENT - OTHER,A1,75,,2019-09-28 15:35:00,2019,9,Saturday,15,Part Three,MERRIMAC ST,42.36406524,-71.06333709,"(42.36406524, -71.06333709)",2019-09-28,15:35:00
I192078473,3006,Medical Assistance,SICK/INJURED/MEDICAL - PERSON,E13,582,,2019-09-28 12:46:00,2019,9,Saturday,12,Part Three,WALDEN ST,42.32387703,-71.10409269,"(42.32387703, -71.10409269)",2019-09-28,12:46:00
I192078472,724,Auto Theft,AUTO THEFT,D14,796,,2019-09-28 11:30:00,2019,9,Saturday,11,Part One,REEDSDALE ST,42.35174866,-71.12953705,"(42.35174866, -71.12953705)",2019-09-28,11:30:00
I192078471,2907,Violations,VAL - OPERATING AFTER REV/SUSP.,B2,287,,2019-09-28 15:34:00,2019,9,Saturday,15,Part Two,WASHINGTON ST,42.33066305,-71.08317741,"(42.33066305, -71.08317741)",2019-09-28,15:34:00
I192078470,614,Larceny From Motor Vehicle,LARCENY THEFT FROM MV - NON-ACCESSORY,B3,439,,2019-09-27 19:00:00,2019,9,Friday,19,Part One,FLOYD ST,42.28834693,-71.0860772,"(42.28834693, -71.08607720)",2019-09-27,19:00:00
I192078467,3114,Investigate Property,INVESTIGATE PROPERTY,D14,794,,2019-09-28 00:00:00,2019,9,Saturday,0,Part Three,COMMONWEALTH AVE,42.34906578,-71.13414695,"(42.34906578, -71.13414695)",2019-09-28,00:00:00
I192078464,2647,Other,THREATS TO DO BODILY HARM,A1,105,,2019-09-28 15:17:00,2019,9,Saturday,15,Part Two,SUMMER ST,42.35521625,-71.06012863,"(42.35521625, -71.06012863)",2019-09-28,15:17:00
I192078462,1402,Vandalism,VANDALISM,B2,302,,2019-09-28 13:46:00,2019,9,Saturday,13,Part Two,HIGHLAND ST,42.32401893,-71.09680779,"(42.32401893, -71.09680779)",2019-09-28,13:46:00
I192078461,2610,Other,TRESPASSING,B2,178,,2019-09-28 14:59:00,2019,9,Saturday,14,Part Two,POMPEII ST,42.32969471,-71.0704441,"(42.32969471, -71.07044410)",2019-09-28,14:59:00
I192078461,2646,Liquor Violation,LIQUOR - DRINKING IN PUBLIC,B2,178,,2019-09-28 14:59:00,2019,9,Saturday,14,Part Two,POMPEII ST,42.32969471,-71.0704441,"(42.32969471, -71.07044410)",2019-09-28,14:59:00
I192078460,3201,Property Lost,PROPERTY - LOST,C11,450,,2019-09-27 19:30:00,2019,9,Friday,19,Part Three,WASHINGTON ST,42.29057504,-71.07165726,"(42.29057504, -71.07165726)",2019-09-27,19:30:00
I192078459,2907,Violations,VAL - OPERATING AFTER REV/SUSP.,, ,,2019-09-28 14:48:25,2019,9,Saturday,14,Part Two,,42.33119415,-71.07700218,"(42.33119415, -71.07700218)",2019-09-28,14:48:25
I192078458,3410,Towed,TOWED MOTOR VEHICLE,D14,793,,2019-09-28 15:01:00,2019,9,Saturday,15,Part Three,COMMONWEALTH AVE,42.34888872,-71.1335453,"(42.34888872, -71.13354530)",2019-09-28,15:01:00
I192078455,801,Simple Assault,ASSAULT - SIMPLE,D4,165,,2019-09-28 13:00:00,2019,9,Saturday,13,Part Two,ALBANY ST,42.34235207,-71.06280467,"(42.34235207, -71.06280467)",2019-09-28,13:00:00
I192078454,619,Larceny,LARCENY ALL OTHERS,E5,691,,2019-09-28 14:10:00,2019,9,Saturday,14,Part One,REDLANDS RD,42.28898462,-71.15224773,"(42.28898462, -71.15224773)",2019-09-28,14:10:00
I192078452,2407,Disorderly Conduct,ANNOYING AND ACCOSTING,E13,906,,2019-09-28 13:24:00,2019,9,Saturday,13,Part Two,HEATH ST,42.32624204,-71.10317575,"(42.32624204, -71.10317575)",2019-09-28,13:24:00
I192078451,3201,Property Lost,PROPERTY - LOST,D4,137,,2019-09-28 14:29:00,2019,9,Saturday,14,Part Three,NEWBURY ST,42.35059717,-71.07881031,"(42.35059717, -71.07881031)",2019-09-28,14:29:00
I192078449,3831,Motor Vehicle Accident Response,M/V - LEAVING SCENE - PROPERTY DAMAGE,A7,27,,2019-09-28 13:52:00,2019,9,Saturday,13,Part Three,NEW ST,42.3712953,-71.04342377,"(42.37129530, -71.04342377)",2019-09-28,13:52:00
I192078448,3006,Medical Assistance,SICK/INJURED/MEDICAL - PERSON,E5,551,,2019-09-28 13:32:52,2019,9,Saturday,13,Part Three,BEECH ST,42.27651058,-71.13417555,"(42.27651058, -71.13417555)",2019-09-28,13:32:52
I192078447,3807,Motor Vehicle Accident Response,M/V ACCIDENT - OTHER CITY VEHICLE,C11,348,,2019-09-28 14:01:00,2019,9,Saturday,14,Part Three,DORCHESTER AVE,42.30514171,-71.05898128,"(42.30514171, -71.05898128)",2019-09-28,14:01:00
I192078445,614,Larceny From Motor Vehicle,LARCENY THEFT FROM MV - NON-ACCESSORY,E13,647,,2019-09-27 18:00:00,2019,9,Friday,18,Part One,GREEN ST,42.31094683,-71.10812271,"(42.31094683, -71.10812271)",2019-09-27,18:00:00
I192078444,3006,Medical Assistance,SICK/INJURED/MEDICAL - PERSON,B2,308,,2019-09-28 13:41:00,2019,9,Saturday,13,Part Three,MUNROE ST,42.3185759,-71.08767243,"(42.31857590, -71.08767243)",2019-09-28,13:41:00
I192078443,3501,Missing Person Reported,MISSING PERSON,B2,314,,2019-09-27 04:00:00,2019,9,Friday,4,Part Three,HOLLANDER ST,42.31568920000000,-71.08951391,"(42.31568920, -71.08951391)",2019-09-27,04:00:00
I192078442,3114,Investigate Property,INVESTIGATE PROPERTY,C11,403,,2019-09-28 13:14:00,2019,9,Saturday,13,Part Three,CROFTLAND AVE,42.28107109,-71.06925083,"(42.28107109, -71.06925083)",2019-09-28,13:14:00
I192078440,1402,Vandalism,VANDALISM,C11,367,,2019-09-28 02:35:00,2019,9,Saturday,2,Part Two,VICTORY RD,42.29578949,-71.05581808,"(42.29578949, -71.05581808)",2019-09-28,02:35:00
I192078439,617,Larceny,LARCENY THEFT FROM BUILDING,D4,143,,2019-09-28 12:41:00,2019,9,Saturday,12,Part One,BOYLSTON ST,42.34862382,-71.08277637,"(42.34862382, -71.08277637)",2019-09-28,12:41:00
I192078438,3801,Motor Vehicle Accident Response,M/V ACCIDENT - OTHER,E5,720,,2019-09-28 13:43:00,2019,9,Saturday,13,Part Three,CENTRE ST,42.28067898,-71.15817457,"(42.28067898, -71.15817457)",2019-09-28,13:43:00
I192078437,3106,Property Related Damage,PROPERTY - ACCIDENTAL DAMAGE,B2,311,,2019-09-28 13:15:00,2019,9,Saturday,13,Part Three,WARREN ST,42.31865102,-71.08162344,"(42.31865102, -71.08162344)",2019-09-28,13:15:00
I192078436,3831,Motor Vehicle Accident Response,M/V - LEAVING SCENE - PROPERTY DAMAGE,A15,53,,2019-09-26 23:00:00,2019,9,Thursday,23,Part Three,AUBURN ST,42.38120826,-71.06914345,"(42.38120826, -71.06914345)",2019-09-26,23:00:00
I192078435,617,Larceny,LARCENY THEFT FROM BUILDING,D4,138,,2019-09-28 13:55:00,2019,9,Saturday,13,Part One,BOYLSTON ST,42.34980175,-71.07840978,"(42.34980175, -71.07840978)",2019-09-28,13:55:00
I192078433,3114,Investigate Property,INVESTIGATE PROPERTY,B2,183,,2019-09-28 11:35:00,2019,9,Saturday,11,Part Three,E COTTAGE ST,42.32150685,-71.07076276,"(42.32150685, -71.07076276)",2019-09-28,11:35:00
I192078432,3201,Property Lost,PROPERTY - LOST,A1,77,,2019-09-24 13:45:00,2019,9,Tuesday,13,Part Three,NEW SUDBURY ST,42.36183857,-71.05976489,"(42.36183857, -71.05976489)",2019-09-24,13:45:00
I192078431,3115,Investigate Person,INVESTIGATE PERSON,E5,742,,2019-09-28 13:39:00,2019,9,Saturday,13,Part Three,LASELL ST,42.28736126,-71.16895144,"(42.28736126, -71.16895144)",2019-09-28,13:39:00
I192078430,1102,Fraud,FRAUD - FALSE PRETENSE / SCHEME,C6,200,,2019-09-28 05:10:00,2019,9,Saturday,5,Part Two,W BROADWAY,42.34274131,-71.05735681,"(42.34274131, -71.05735681)",2019-09-28,05:10:00
I192078429,616,Larceny,LARCENY THEFT OF BICYCLE,D4,142,,2019-09-28 11:00:00,2019,9,Saturday,11,Part One,NEWBURY ST,42.34840576,-71.08688339,"(42.34840576, -71.08688339)",2019-09-28,11:00:00
I192078427,613,Larceny,LARCENY SHOPLIFTING,D4,162,,2019-09-28 11:45:00,2019,9,Saturday,11,Part One,HARRISON AVE,42.34496729,-71.06382224,"(42.34496729, -71.06382224)",2019-09-28,11:45:00
I192078426,802,Simple Assault,ASSAULT SIMPLE - BATTERY,C11,377,,2019-09-27 23:52:00,2019,9,Friday,23,Part Two,BOUTWELL ST,42.29106908,-71.05234007,"(42.29106908, -71.05234007)",2019-09-27,23:52:00
I192078424,619,Larceny,LARCENY ALL OTHERS,C11,817,,2019-09-28 12:52:00,2019,9,Saturday,12,Part One,TALBOT AVE,42.28863812,-71.06631579,"(42.28863812, -71.06631579)",2019-09-28,12:52:00
I192078421,802,Simple Assault,ASSAULT SIMPLE - BATTERY,C6,936,,2019-09-28 12:34:00,2019,9,Saturday,12,Part Two,FLAHERTY WAY,42.33794745,-71.05310513,"(42.33794745, -71.05310513)",2019-09-28,12:34:00
I192078420,1106,Confidence Games,FRAUD - CREDIT CARD / ATM FRAUD,C11,376,,2019-09-23 00:00:00,2019,9,Monday,0,Part Two,WALNUT ST,42.28659718,-71.04108807,"(42.28659718, -71.04108807)",2019-09-23,00:00:00
I192078419,3803,Motor Vehicle Accident Response,M/V ACCIDENT - PERSONAL INJURY,C6,204,,2019-09-28 12:48:04,2019,9,Saturday,12,Part Three,A ST,42.34647478,-71.0515056,"(42.34647478, -71.05150560)",2019-09-28,12:48:04
I192078418,802,Simple Assault,ASSAULT SIMPLE - BATTERY,B2,312,,2019-09-28 12:30:00,2019,9,Saturday,12,Part Two,HAROLD ST,42.31688606,-71.09001190000000,"(42.31688606, -71.09001190)",2019-09-28,12:30:00
I192078417,311,Robbery,ROBBERY - COMMERCIAL,D4,142,,2019-09-28 12:24:00,2019,9,Saturday,12,Part One,NEWBURY ST,42.34840576,-71.08688339,"(42.34840576, -71.08688339)",2019-09-28,12:24:00
I192078416,3802,Motor Vehicle Accident Response,M/V ACCIDENT - PROPERTY  DAMAGE,B2,321,,2019-09-26 16:15:00,2019,9,Thursday,16,Part Three,BLUE HILL AVE,42.31162834,-71.08094294,"(42.31162834, -71.08094294)",2019-09-26,16:15:00
I192078415,3006,Medical Assistance,SICK/INJURED/MEDICAL - PERSON,C11,332,,2019-09-28 12:24:00,2019,9,Saturday,12,Part Three,COLUMBIA RD,42.31363409,-71.06778025,"(42.31363409, -71.06778025)",2019-09-28,12:24:00
I192078413,3803,Motor Vehicle Accident Response,M/V ACCIDENT - PERSONAL INJURY,B3,466,,2019-09-28 12:24:00,2019,9,Saturday,12,Part Three,GOODALE RD,42.2836283,-71.09349553,"(42.28362830, -71.09349553)",2019-09-28,12:24:00
I192078411,3109,Police Service Incidents,SERVICE TO OTHER PD INSIDE OF MA.,B2,278,,2019-09-28 12:33:00,2019,9,Saturday,12,Part Three,EUSTIS ST,42.32946303,-71.07922822,"(42.32946303, -71.07922822)",2019-09-28,12:33:00
I192078409,3503,Missing Person Located,MISSING PERSON - NOT REPORTED - LOCATED,D4,619,,2019-09-28 12:42:00,2019,9,Saturday,12,Part Three,GAINSBOROUGH ST,42.34239114,-71.08872018,"(42.34239114, -71.08872018)",2019-09-28,12:42:00
I192078408,3201,Property Lost,PROPERTY - LOST,A1,128,,2019-09-28 10:15:00,2019,9,Saturday,10,Part Three,ARLINGTON ST,42.34866982,-71.06938919,"(42.34866982, -71.06938919)",2019-09-28,10:15:00
I192078407,2629,Harassment,HARASSMENT,D4,272,,2019-09-28 11:00:00,2019,9,Saturday,11,Part Two,WASHINGTON ST,42.33438722,-71.07958852,"(42.33438722, -71.07958852)",2019-09-28,11:00:00
I192078406,3802,Motor Vehicle Accident Response,M/V ACCIDENT - PROPERTY  DAMAGE,E5,676,,2019-09-28 12:19:00,2019,9,Saturday,12,Part Three,SOUTH ST,42.28802461,-71.14369706,"(42.28802461, -71.14369706)",2019-09-28,12:19:00
I192078405,802,Simple Assault,ASSAULT SIMPLE - BATTERY,C11,399,,2019-09-28 11:47:15,2019,9,Saturday,11,Part Two,WASHINGTON ST,42.28746925,-71.07121584,"(42.28746925, -71.07121584)",2019-09-28,11:47:15
I192078404,522,Residential Burglary,BURGLARY - RESIDENTIAL - NO FORCE,D14,749,,2019-09-27 07:00:00,2019,9,Friday,7,Part One,COMMONWEALTH AVE,42.33973514,-71.15872619,"(42.33973514, -71.15872619)",2019-09-27,07:00:00
I192078401,802,Simple Assault,ASSAULT SIMPLE - BATTERY,E13,570,,2019-09-28 10:07:00,2019,9,Saturday,10,Part Two,ROCKVALE CIR,42.30734156,-71.1054409,"(42.30734156, -71.10544090)",2019-09-28,10:07:00
I192078399,2629,Harassment,HARASSMENT,B2,266,,2019-09-28 12:19:00,2019,9,Saturday,12,Part Two,WINTHROP ST,42.32424069,-71.07761917,"(42.32424069, -71.07761917)",2019-09-28,12:19:00
I192078398,3201,Property Lost,PROPERTY - LOST,A1,111,,2019-09-28 10:00:00,2019,9,Saturday,10,Part Three,WASHINGTON ST,42.35456406,-71.06147418,"(42.35456406, -71.06147418)",2019-09-28,10:00:00
I192078397,2907,Violations,VAL - OPERATING AFTER REV/SUSP.,D4,271,,2019-09-28 11:29:00,2019,9,Saturday,11,Part Two,NORTHAMPTON ST,42.33598881,-71.07764721,"(42.33598881, -71.07764721)",2019-09-28,11:29:00
I192078396,617,Larceny,LARCENY THEFT FROM BUILDING,B2,257,,2019-09-27 22:00:00,2019,9,Friday,22,Part One,STOUGHTON ST,42.3166175,-71.06407827,"(42.31661750, -71.06407827)",2019-09-27,22:00:00
I192078394,3801,Motor Vehicle Accident Response,M/V ACCIDENT - OTHER,C11,343,,2019-09-28 11:16:00,2019,9,Saturday,11,Part Three,GENEVA AVE,42.30267265,-71.0701954,"(42.30267265, -71.07019540)",2019-09-28,11:16:00
I192078393,1830,Drug Violation,DRUGS - SICK ASSIST - HEROIN,A1,93,,2019-09-28 10:49:00,2019,9,Saturday,10,Part Two,FANEUIL HALL MARKETPLACE,42.35997967,-71.05474135,"(42.35997967, -71.05474135)",2019-09-28,10:49:00
I192078392,3006,Medical Assistance,SICK/INJURED/MEDICAL - PERSON,C11,404,,2019-09-28 11:49:00,2019,9,Saturday,11,Part Three,CLANCY RD,42.27800445,-71.06950459,"(42.27800445, -71.06950459)",2019-09-28,11:49:00
I192078391,1102,Fraud,FRAUD - FALSE PRETENSE / SCHEME,B2,313,,2019-09-27 00:00:00,2019,9,Friday,0,Part Two,DECKARD ST,42.3158774,-71.08510889,"(42.31587740, -71.08510889)",2019-09-27,00:00:00
I192078390,617,Larceny,LARCENY THEFT FROM BUILDING,A1,127,,2019-09-28 10:00:00,2019,9,Saturday,10,Part One,WASHINGTON ST,42.34876087,-71.06408261,"(42.34876087, -71.06408261)",2019-09-28,10:00:00
I192078389,2629,Harassment,HARASSMENT,B3,470,,2019-09-28 10:30:00,2019,9,Saturday,10,Part Two,ALABAMA ST,42.27639356,-71.10175026,"(42.27639356, -71.10175026)",2019-09-28,10:30:00
I192078388,3109,Police Service Incidents,SERVICE TO OTHER PD INSIDE OF MA.,B3,450,,2019-09-28 10:44:00,2019,9,Saturday,10,Part Three,WHITFIELD ST,42.29169079,-71.07447258,"(42.29169079, -71.07447258)",2019-09-28,10:44:00
I192078387,3115,Investigate Person,INVESTIGATE PERSON,E13,916,,2019-09-28 10:46:00,2019,9,Saturday,10,Part Three,BICKFORD ST,42.32483301,-71.10164757,"(42.32483301, -71.10164757)",2019-09-28,10:46:00
I192078385,3301,Verbal Disputes,VERBAL DISPUTE,B3,438,,2019-09-28 10:32:00,2019,9,Saturday,10,Part Three,TALBOT AVE,42.29138891,-71.07599527,"(42.29138891, -71.07599527)",2019-09-28,10:32:00
I192078384,3114,Investigate Property,INVESTIGATE PROPERTY,D14,749,,2019-09-28 10:58:00,2019,9,Saturday,10,Part Three,BEACON ST,42.333582,-71.16609100000000,"(42.33358200, -71.16609100)",2019-09-28,10:58:00
I192078382,3410,Towed,TOWED MOTOR VEHICLE,D4,149,,2019-09-28 08:56:00,2019,9,Saturday,8,Part Three,W CANTON ST,42.34543327,-71.07739498,"(42.34543327, -71.07739498)",2019-09-28,08:56:00
I192078381,1402,Vandalism,VANDALISM,A15,40,,2019-09-28 10:54:00,2019,9,Saturday,10,Part Two,LOWNEY WAY,42.37439512,-71.05803760000000,"(42.37439512, -71.05803760)",2019-09-28,10:54:00
I192078381,619,Larceny,LARCENY ALL OTHERS,A15,40,,2019-09-28 10:54:00,2019,9,Saturday,10,Part One,LOWNEY WAY,42.37439512,-71.05803760000000,"(42.37439512, -71.05803760)",2019-09-28,10:54:00
I192078379,617,Larceny,LARCENY THEFT FROM BUILDING,C6,186,,2019-09-28 00:00:00,2019,9,Saturday,0,Part One,MASSACHUSETTS AVE,42.32553801,-71.06579592,"(42.32553801, -71.06579592)",2019-09-28,00:00:00
I192078378,3410,Towed,TOWED MOTOR VEHICLE,E18,534,,2019-09-28 09:28:00,2019,9,Saturday,9,Part Three,ERNEST AVE,42.24302939,-71.14340449,"(42.24302939, -71.14340449)",2019-09-28,09:28:00
I192078377,1102,Fraud,FRAUD - FALSE PRETENSE / SCHEME,B3,428,,2019-09-18 16:00:00,2019,9,Wednesday,16,Part Two,HOSMER ST,42.28079658,-71.09039724,"(42.28079658, -71.09039724)",2019-09-18,16:00:00
I192078374,613,Larceny,LARCENY SHOPLIFTING,E18,522,,2019-09-28 09:59:00,2019,9,Saturday,9,Part One,HYDE PARK AVE,42.2518944,-71.1253531,"(42.25189440, -71.12535310)",2019-09-28,09:59:00
I192078373,724,Auto Theft,AUTO THEFT,D14,768,,2019-09-27 13:00:00,2019,9,Friday,13,Part One,VINELAND ST,42.35757826,-71.15084361,"(42.35757826, -71.15084361)",2019-09-27,13:00:00
I192078371,619,Larceny,LARCENY ALL OTHERS,E13,652,,2019-09-27 19:00:00,2019,9,Friday,19,Part One,ARBORWAY,42.3031399,-71.11735145,"(42.30313990, -71.11735145)",2019-09-27,19:00:00
I192078369,3410,Towed,TOWED MOTOR VEHICLE,E13,642,,2019-09-28 09:08:00,2019,9,Saturday,9,Part Three,POND ST,42.31499993,-71.1153081,"(42.31499993, -71.11530810)",2019-09-28,09:08:00
I192078368,3115,Investigate Person,INVESTIGATE PERSON,B2,603,,2019-09-28 09:23:00,2019,9,Saturday,9,Part Three,TREMONT ST,42.33380683,-71.10377843,"(42.33380683, -71.10377843)",2019-09-28,09:23:00
I192078367,3114,Investigate Property,INVESTIGATE PROPERTY,E13,639,,2019-09-28 09:27:00,2019,9,Saturday,9,Part Three,GREEN ST,42.3125596,-71.11190322,"(42.31255960, -71.11190322)",2019-09-28,09:27:00
I192078366,3410,Towed,TOWED MOTOR VEHICLE,E13,608,,2019-09-28 07:11:00,2019,9,Saturday,7,Part Three,BYNNER ST,42.32407281,-71.11352472,"(42.32407281, -71.11352472)",2019-09-28,07:11:00
I192078365,3410,Towed,TOWED MOTOR VEHICLE,A1,70,,2019-09-28 07:55:00,2019,9,Saturday,7,Part Three,CHESTNUT ST,42.35763991,-71.06703205,"(42.35763991, -71.06703205)",2019-09-28,07:55:00
I192078364,3115,Investigate Person,INVESTIGATE PERSON,E18,539,,2019-09-28 07:27:00,2019,9,Saturday,7,Part Three,CHURCH ST,42.24891906,-71.13222045,"(42.24891906, -71.13222045)",2019-09-28,07:27:00
I192078363,1402,Vandalism,VANDALISM,E18,479,,2019-09-28 07:04:00,2019,9,Saturday,7,Part Two,RIDLON RD,42.27072118,-71.10535465,"(42.27072118, -71.10535465)",2019-09-28,07:04:00
I192078362,1402,Vandalism,VANDALISM,E13,577,,2019-09-28 07:58:00,2019,9,Saturday,7,Part Two,ARCADIA ST,42.31650656,-71.09988227,"(42.31650656, -71.09988227)",2019-09-28,07:58:00
I192078360,2905,Violations,VAL - OPERATING WITHOUT LICENSE,E18,533,,2019-09-28 06:52:00,2019,9,Saturday,6,Part Two,RIVER ST,42.24637931,-71.13627572,"(42.24637931, -71.13627572)",2019-09-28,06:52:00
I192078359,3410,Towed,TOWED MOTOR VEHICLE,C6,192,,2019-09-28 06:15:00,2019,9,Saturday,6,Part Three,MOHAWK ST,42.328937100000000,-71.05571742,"(42.32893710, -71.05571742)",2019-09-28,06:15:00
I192078358,1402,Vandalism,VANDALISM,A7,29,,2019-09-28 06:36:00,2019,9,Saturday,6,Part Two,GOVE ST,42.37109814,-71.03686142,"(42.37109814, -71.03686142)",2019-09-28,06:36:00
I192078357,617,Larceny,LARCENY THEFT FROM BUILDING,A1,92,,2019-09-28 06:43:00,2019,9,Saturday,6,Part One,COURT ST,42.35892279,-71.05835354,"(42.35892279, -71.05835354)",2019-09-28,06:43:00
I192078356,1402,Vandalism,VANDALISM,C11,338,,2019-09-28 06:03:00,2019,9,Saturday,6,Part Two,WINTER ST,42.30986434,-71.06259635,"(42.30986434, -71.06259635)",2019-09-28,06:03:00
I192078354,542,Commercial Burglary,BURGLARY - COMMERICAL - NO FORCE,B2,280,,2019-09-28 05:31:00,2019,9,Saturday,5,Part One,PALMER ST,42.33041863,-71.08250130000000,"(42.33041863, -71.08250130)",2019-09-28,05:31:00
I192078354,2511,Other,KIDNAPPING - ENTICING OR ATTEMPTED,B2,280,,2019-09-28 05:31:00,2019,9,Saturday,5,Part Two,PALMER ST,42.33041863,-71.08250130000000,"(42.33041863, -71.08250130)",2019-09-28,05:31:00
I192078354,802,Simple Assault,ASSAULT SIMPLE - BATTERY,B2,280,,2019-09-28 05:31:00,2019,9,Saturday,5,Part Two,PALMER ST,42.33041863,-71.08250130000000,"(42.33041863, -71.08250130)",2019-09-28,05:31:00
I192078353,1304,Recovered Stolen Property,PROPERTY - STOLEN THEN RECOVERED,B2,294,,2019-09-28 05:50:00,2019,9,Saturday,5,Part Two,REGENT ST,42.32458564,-71.08580979,"(42.32458564, -71.08580979)",2019-09-28,05:50:00
I192078352,521,Residential Burglary,BURGLARY - RESIDENTIAL - ATTEMPT,D14,801,,2019-09-28 01:13:00,2019,9,Saturday,1,Part One,LINDEN ST,42.35386331,-71.13018733,"(42.35386331, -71.13018733)",2019-09-28,01:13:00
I192078351,3802,Motor Vehicle Accident Response,M/V ACCIDENT - PROPERTY  DAMAGE,E18,485,,2019-09-28 04:39:00,2019,9,Saturday,4,Part Three,RIVER ST,42.26430493,-71.10061293,"(42.26430493, -71.10061293)",2019-09-28,04:39:00
I192078348,3108,Fire Related Reports,"FIRE REPORT - HOUSE, BUILDING, ETC.",A7,13,,2019-09-28 03:32:00,2019,9,Saturday,3,Part Three,BYRON ST,42.38119576,-71.01474957,"(42.38119576, -71.01474957)",2019-09-28,03:32:00
I192078347,413,Aggravated Assault,ASSAULT - AGGRAVATED - BATTERY,A7,29,,2019-09-28 04:04:00,2019,9,Saturday,4,Part One,CHELSEA ST,42.37172266,-71.03665549,"(42.37172266, -71.03665549)",2019-09-28,04:04:00
I192078345,3301,Verbal Disputes,VERBAL DISPUTE,A1,61,,2019-09-28 03:44:00,2019,9,Saturday,3,Part Three,NASHUA ST,42.36600842,-71.06403504,"(42.36600842, -71.06403504)",2019-09-28,03:44:00
I192078342,3301,Verbal Disputes,VERBAL DISPUTE,E5,822,,2019-09-28 04:12:00,2019,9,Saturday,4,Part Three,CROWN POINT DR,42.2578406,-71.14813948,"(42.25784060, -71.14813948)",2019-09-28,04:12:00
I192078339,3803,Motor Vehicle Accident Response,M/V ACCIDENT - PERSONAL INJURY,B2,311,,2019-09-28 00:05:00,2019,9,Saturday,0,Part Three,BLUE HILL AVE,42.31709355,-71.07802977,"(42.31709355, -71.07802977)",2019-09-28,00:05:00
I192078337,3802,Motor Vehicle Accident Response,M/V ACCIDENT - PROPERTY  DAMAGE,, ,,2019-09-28 02:55:00,2019,9,Saturday,2,Part Three,,42.32527562,-71.05914450000000,"(42.32527562, -71.05914450)",2019-09-28,02:55:00
I192078335,3115,Investigate Person,INVESTIGATE PERSON,C11,352,,2019-09-28 03:02:00,2019,9,Saturday,3,Part Three,WESTVILLE ST,42.30138747,-71.06584240000000,"(42.30138747, -71.06584240)",2019-09-28,03:02:00
I192078334,3831,Motor Vehicle Accident Response,M/V - LEAVING SCENE - PROPERTY DAMAGE,A1,110,,2019-09-28 03:12:00,2019,9,Saturday,3,Part Three,ATLANTIC AVE,42.35400881,-71.05285324,"(42.35400881, -71.05285324)",2019-09-28,03:12:00
I192078333,802,Simple Assault,ASSAULT SIMPLE - BATTERY,A1,64,,2019-09-28 01:25:00,2019,9,Saturday,1,Part Two,FRUIT ST,42.36240281,-71.06954652,"(42.36240281, -71.06954652)",2019-09-28,01:25:00
I192078331,3831,Motor Vehicle Accident Response,M/V - LEAVING SCENE - PROPERTY DAMAGE,B2,319,,2019-09-28 01:48:00,2019,9,Saturday,1,Part Three,WAYNE ST,42.3072423,-71.08551704,"(42.30724230, -71.08551704)",2019-09-28,01:48:00
I192078328,3802,Motor Vehicle Accident Response,M/V ACCIDENT - PROPERTY  DAMAGE,B3,429,,2019-09-28 02:27:00,2019,9,Saturday,2,Part Three,WILLOWWOOD ST,42.28633184,-71.08642318,"(42.28633184, -71.08642318)",2019-09-28,02:27:00
I192078327,616,Larceny,LARCENY THEFT OF BICYCLE,A1,61,,2019-09-28 03:10:00,2019,9,Saturday,3,Part One,LEGENDS WAY,42.36643546,-71.06135413,"(42.36643546, -71.06135413)",2019-09-28,03:10:00
I192078326,1402,Vandalism,VANDALISM,B2,603,,2019-09-28 02:18:00,2019,9,Saturday,2,Part Two,TREMONT ST,42.33380683,-71.10377843,"(42.33380683, -71.10377843)",2019-09-28,02:18:00
I192078324,3006,Medical Assistance,SICK/INJURED/MEDICAL - PERSON,A7,22,,2019-09-28 02:20:00,2019,9,Saturday,2,Part Three,LONDON ST,42.37476244,-71.0373121,"(42.37476244, -71.03731210)",2019-09-28,02:20:00
I192078324,3201,Property Lost,PROPERTY - LOST,A7,22,,2019-09-28 02:20:00,2019,9,Saturday,2,Part Three,LONDON ST,42.37476244,-71.0373121,"(42.37476244, -71.03731210)",2019-09-28,02:20:00
I192078323,1402,Vandalism,VANDALISM,C11,388,,2019-09-28 02:26:00,2019,9,Saturday,2,Part Two,DORCHESTER AVE,42.2783992,-71.06636305,"(42.27839920, -71.06636305)",2019-09-28,02:26:00
I192078322,413,Aggravated Assault,ASSAULT - AGGRAVATED - BATTERY,A1,109,,2019-09-28 01:37:00,2019,9,Saturday,1,Part One,HIGH ST,42.35661814,-71.05193863,"(42.35661814, -71.05193863)",2019-09-28,01:37:00
I192078321,3802,Motor Vehicle Accident Response,M/V ACCIDENT - PROPERTY  DAMAGE,E18,490,,2019-09-28 01:01:00,2019,9,Saturday,1,Part Three,AMERICAN LEGION HWY,42.27413021,-71.11674617,"(42.27413021, -71.11674617)",2019-09-28,01:01:00
I192078320,3301,Verbal Disputes,VERBAL DISPUTE,C11,337,,2019-09-28 02:15:43,2019,9,Saturday,2,Part Three,COLUMBIA RD,42.30645148,-71.07730382,"(42.30645148, -71.07730382)",2019-09-28,02:15:43
I192078319,3502,Missing Person Located,MISSING PERSON - LOCATED,B3,419,,2019-09-28 01:00:00,2019,9,Saturday,1,Part Three,FULLER ST,42.28072751,-71.07713631,"(42.28072751, -71.07713631)",2019-09-28,01:00:00
I192078319,3501,Missing Person Reported,MISSING PERSON,B3,419,,2019-09-28 01:00:00,2019,9,Saturday,1,Part Three,FULLER ST,42.28072751,-71.07713631,"(42.28072751, -71.07713631)",2019-09-28,01:00:00
I192078318,2405,Disorderly Conduct,DISORDERLY CONDUCT,C6,206,,2019-09-28 02:06:00,2019,9,Saturday,2,Part Two,SEAPORT BLVD,42.35311458,-71.04842121,"(42.35311458, -71.04842121)",2019-09-28,02:06:00
I192078317,361,Robbery,ROBBERY - OTHER,B3,432,,2019-09-28 02:27:00,2019,9,Saturday,2,Part One,LAURIAT ST,42.28845961,-71.08046188,"(42.28845961, -71.08046188)",2019-09-28,02:27:00
I192078316,3006,Medical Assistance,SICK/INJURED/MEDICAL - PERSON,D14,794,,2019-09-28 01:20:00,2019,9,Saturday,1,Part Three,PARK VALE AVE,42.35182446,-71.13313369,"(42.35182446, -71.13313369)",2019-09-28,01:20:00
I192078316,111,Homicide,"MURDER, NON-NEGLIGIENT MANSLAUGHTER",D14,794,,2019-09-28 01:20:00,2019,9,Saturday,1,Part One,PARK VALE AVE,42.35182446,-71.13313369,"(42.35182446, -71.13313369)",2019-09-28,01:20:00
I192078315,3006,Medical Assistance,SICK/INJURED/MEDICAL - PERSON,C6,206,,2019-09-28 01:55:00,2019,9,Saturday,1,Part Three,SEAPORT BLVD,42.35325379,-71.04872410000000,"(42.35325379, -71.04872410)",2019-09-28,01:55:00
I192078314,1402,Vandalism,VANDALISM,A7,31,,2019-09-27 19:30:00,2019,9,Friday,19,Part Two,ORLEANS ST,42.37193004,-71.03391909,"(42.37193004, -71.03391909)",2019-09-27,19:30:00
I192078311,3802,Motor Vehicle Accident Response,M/V ACCIDENT - PROPERTY  DAMAGE,C11,341,,2019-09-28 01:02:53,2019,9,Saturday,1,Part Three,HOMES AVE,42.30344073,-71.06674608,"(42.30344073, -71.06674608)",2019-09-28,01:02:53
I192078310,1402,Vandalism,VANDALISM,C6,204,,2019-09-27 09:00:00,2019,9,Friday,9,Part Two,CHANNEL CENTER ST,42.34556623,-71.05151508,"(42.34556623, -71.05151508)",2019-09-27,09:00:00
I192078309,413,Aggravated Assault,ASSAULT - AGGRAVATED - BATTERY,E13,576,,2019-09-28 01:18:00,2019,9,Saturday,1,Part One,AMORY ST,42.31532445,-71.10427615,"(42.31532445, -71.10427615)",2019-09-28,01:18:00
I192078308,560,Other Burglary,BURGLARY - OTHER - FORCE,D4,598,,2019-09-28 01:09:00,2019,9,Saturday,1,Part One,BELVIDERE ST,42.34624311,-71.08568046,"(42.34624311, -71.08568046)",2019-09-28,01:09:00
I192078306,3304,Assembly or Gathering Violations,NOISY PARTY/RADIO-NO ARREST,D14,800,,2019-09-27 23:28:00,2019,9,Friday,23,Part Three,PRATT ST,42.35501072,-71.12887911,"(42.35501072, -71.12887911)",2019-09-27,23:28:00
I192078304,3006,Medical Assistance,SICK/INJURED/MEDICAL - PERSON,A1,84,,2019-09-28 00:30:00,2019,9,Saturday,0,Part Three,PRINCE ST,42.36475392,-71.05469547,"(42.36475392, -71.05469547)",2019-09-28,00:30:00
I192078303,3831,Motor Vehicle Accident Response,M/V - LEAVING SCENE - PROPERTY DAMAGE,E13,640,,2019-09-28 00:54:00,2019,9,Saturday,0,Part Three,LAMARTINE ST,42.31494986,-71.10599486,"(42.31494986, -71.10599486)",2019-09-28,00:54:00
I192078302,3018,Medical Assistance,SICK/INJURED/MEDICAL - POLICE,A1,64,,2019-09-27 23:04:00,2019,9,Friday,23,Part Three,CHARLES ST,42.36192792,-71.07081974,"(42.36192792, -71.07081974)",2019-09-27,23:04:00
I192078300,3304,Assembly or Gathering Violations,NOISY PARTY/RADIO-NO ARREST,D14,750,,2019-09-28 01:11:00,2019,9,Saturday,1,Part Three,FOSTER ST,42.340474,-71.15952930000000,"(42.34047400, -71.15952930)",2019-09-28,01:11:00
I192078299,3301,Verbal Disputes,VERBAL DISPUTE,B2,605,,2019-09-28 00:42:00,2019,9,Saturday,0,Part Three,HILLSIDE ST,42.33164159,-71.10760789,"(42.33164159, -71.10760789)",2019-09-28,00:42:00
I192078297,802,Simple Assault,ASSAULT SIMPLE - BATTERY,B3,427,,2019-09-27 23:35:00,2019,9,Friday,23,Part Two,FESSENDEN ST,42.27855984,-71.09199697,"(42.27855984, -71.09199697)",2019-09-27,23:35:00
I192078297,3125,Warrant Arrests,WARRANT ARREST,B3,427,,2019-09-27 23:35:00,2019,9,Friday,23,Part Three,FESSENDEN ST,42.27855984,-71.09199697,"(42.27855984, -71.09199697)",2019-09-27,23:35:00
I192078295,3501,Missing Person Reported,MISSING PERSON,A7,7,,2019-09-26 06:00:00,2019,9,Thursday,6,Part Three,ASHLEY ST,42.38793519,-71.00470553,"(42.38793519, -71.00470553)",2019-09-26,06:00:00
I192078292,522,Residential Burglary,BURGLARY - RESIDENTIAL - NO FORCE,D14,776,,2019-09-27 18:00:00,2019,9,Friday,18,Part One,PRISCILLA RD,42.34488259,-71.15216614,"(42.34488259, -71.15216614)",2019-09-27,18:00:00
I192078291,802,Simple Assault,ASSAULT SIMPLE - BATTERY,C11,377,,2019-09-28 00:09:00,2019,9,Saturday,0,Part Two,BOUTWELL ST,42.29106908,-71.05234007,"(42.29106908, -71.05234007)",2019-09-28,00:09:00
I192078290,3802,Motor Vehicle Accident Response,M/V ACCIDENT - PROPERTY  DAMAGE,B2,601,,2019-09-27 23:33:00,2019,9,Friday,23,Part Three,TREMONT ST,42.33209622,-71.09860557,"(42.33209622, -71.09860557)",2019-09-27,23:33:00
I192078289,3115,Investigate Person,INVESTIGATE PERSON,A7,14,,2019-09-27 23:00:00,2019,9,Friday,23,Part Three,WORDSWORTH ST,42.38492212,-71.0174635,"(42.38492212, -71.01746350)",2019-09-27,23:00:00
I192078287,3006,Medical Assistance,SICK/INJURED/MEDICAL - PERSON,B2,585,,2019-09-27 23:46:00,2019,9,Friday,23,Part Three,HILLSIDE ST,42.33082647,-71.10436990000000,"(42.33082647, -71.10436990)",2019-09-27,23:46:00
I192078285,3006,Medical Assistance,SICK/INJURED/MEDICAL - PERSON,A1,120,,2019-09-27 22:31:00,2019,9,Friday,22,Part Three,PARK PLZ,42.35143483,-71.06969334,"(42.35143483, -71.06969334)",2019-09-27,22:31:00
I192078284,3006,Medical Assistance,SICK/INJURED/MEDICAL - PERSON,E13,647,,2019-09-27 23:14:00,2019,9,Friday,23,Part Three,GREEN ST,42.31074943,-71.10766243,"(42.31074943, -71.10766243)",2019-09-27,23:14:00
I192078283,3301,Verbal Disputes,VERBAL DISPUTE,C11,405,,2019-09-27 23:07:00,2019,9,Friday,23,Part Three,MOTHER JULIA RD,42.27470907,-71.06814319,"(42.27470907, -71.06814319)",2019-09-27,23:07:00
I192078281,3007,Medical Assistance,SUDDEN DEATH,A7,907,,2019-09-27 22:44:00,2019,9,Friday,22,Part Three,SUMNER ST,42.37026132,-71.04290048,"(42.37026132, -71.04290048)",2019-09-27,22:44:00
I192078280,301,Robbery,ROBBERY - STREET,A7,19,,2019-09-27 23:12:00,2019,9,Friday,23,Part One,SARATOGA ST,42.37864819,-71.03089238,"(42.37864819, -71.03089238)",2019-09-27,23:12:00
I192078277,3006,Medical Assistance,SICK/INJURED/MEDICAL - PERSON,A7,26,,2019-09-27 22:23:00,2019,9,Friday,22,Part Three,BORDER ST,42.37620267,-71.03979926,"(42.37620267, -71.03979926)",2019-09-27,22:23:00
I192078275,3803,Motor Vehicle Accident Response,M/V ACCIDENT - PERSONAL INJURY,, ,,2019-09-27 22:25:25,2019,9,Friday,22,Part Three,,42.28770115,-71.10671292,"(42.28770115, -71.10671292)",2019-09-27,22:25:25
I192078274,3006,Medical Assistance,SICK/INJURED/MEDICAL - PERSON,E18,520,,2019-09-27 22:55:00,2019,9,Friday,22,Part Three,HYDE PARK AVE,42.25767476,-71.12367146,"(42.25767476, -71.12367146)",2019-09-27,22:55:00
I192078273,3006,Medical Assistance,SICK/INJURED/MEDICAL - PERSON,C11,337,,2019-09-27 22:55:00,2019,9,Friday,22,Part Three,GENEVA AVE,42.30461251,-71.07296566,"(42.30461251, -71.07296566)",2019-09-27,22:55:00
I192078270,802,Simple Assault,ASSAULT SIMPLE - BATTERY,E13,582,,2019-09-27 22:50:00,2019,9,Friday,22,Part Two,CENTRE ST,42.32271736,-71.10488628,"(42.32271736, -71.10488628)",2019-09-27,22:50:00
I192078268,3115,Investigate Person,INVESTIGATE PERSON,E5,822,,2019-09-27 22:36:00,2019,9,Friday,22,Part Three,EDGEMERE RD,42.25867638,-71.15116479,"(42.25867638, -71.15116479)",2019-09-27,22:36:00
I192078266,3115,Investigate Person,INVESTIGATE PERSON,B3,418,,2019-09-27 20:39:00,2019,9,Friday,20,Part Three,MORTON ST,42.280612300000000,-71.08350146,"(42.28061230, -71.08350146)",2019-09-27,20:39:00
I192078265,3006,Medical Assistance,SICK/INJURED/MEDICAL - PERSON,D14,804,,2019-09-27 22:36:00,2019,9,Friday,22,Part Three,N BEACON ST,42.35413579,-71.14116513,"(42.35413579, -71.14116513)",2019-09-27,22:36:00
I192078263,801,Simple Assault,ASSAULT - SIMPLE,A1,64,,2019-09-27 21:51:00,2019,9,Friday,21,Part Two,CHARLES ST,42.36192792,-71.07081974,"(42.36192792, -71.07081974)",2019-09-27,21:51:00
I192078263,423,Aggravated Assault,ASSAULT - AGGRAVATED,A1,64,,2019-09-27 21:51:00,2019,9,Friday,21,Part One,CHARLES ST,42.36192792,-71.07081974,"(42.36192792, -71.07081974)",2019-09-27,21:51:00
I192078263,3125,Warrant Arrests,WARRANT ARREST,A1,64,,2019-09-27 21:51:00,2019,9,Friday,21,Part Three,CHARLES ST,42.36192792,-71.07081974,"(42.36192792, -71.07081974)",2019-09-27,21:51:00
I192078263,2403,Disorderly Conduct,DISTURBING THE PEACE,A1,64,,2019-09-27 21:51:00,2019,9,Friday,21,Part Two,CHARLES ST,42.36192792,-71.07081974,"(42.36192792, -71.07081974)",2019-09-27,21:51:00
I192078263,413,Aggravated Assault,ASSAULT - AGGRAVATED - BATTERY,A1,64,,2019-09-27 21:51:00,2019,9,Friday,21,Part One,CHARLES ST,42.36192792,-71.07081974,"(42.36192792, -71.07081974)",2019-09-27,21:51:00
I192078262,3803,Motor Vehicle Accident Response,M/V ACCIDENT - PERSONAL INJURY,B2,261,,2019-09-27 21:43:00,2019,9,Friday,21,Part Three,BROOKFORD ST,42.31839897,-71.07530497,"(42.31839897, -71.07530497)",2019-09-27,21:43:00
I192078260,3301,Verbal Disputes,VERBAL DISPUTE,D14,785,,2019-09-27 21:33:00,2019,9,Friday,21,Part Three,RANSOM RD,42.34305189,-71.14524866,"(42.34305189, -71.14524866)",2019-09-27,21:33:00
I192078259,802,Simple Assault,ASSAULT SIMPLE - BATTERY,A7,27,,2019-09-27 21:00:00,2019,9,Friday,21,Part Two,MAVERICK ST,42.37029336,-71.03925861,"(42.37029336, -71.03925861)",2019-09-27,21:00:00
I192078258,3207,Property Found,PROPERTY - FOUND,D14,820,,2019-09-27 20:50:00,2019,9,Friday,20,Part Three,CAMBRIDGE ST,42.357848600000000,-71.12642786,"(42.35784860, -71.12642786)",2019-09-27,20:50:00
I192078256,724,Auto Theft,AUTO THEFT,C11,254,,2019-09-27 21:30:00,2019,9,Friday,21,Part One,DORCHESTER AVE,42.30782846,-71.05837474,"(42.30782846, -71.05837474)",2019-09-27,21:30:00
I192078255,3301,Verbal Disputes,VERBAL DISPUTE,A7,17,,2019-09-27 21:56:00,2019,9,Friday,21,Part Three,SHELBY ST,42.38090412,-71.02795572,"(42.38090412, -71.02795572)",2019-09-27,21:56:00
I192078254,3115,Investigate Person,INVESTIGATE PERSON,B3,467,,2019-09-27 06:11:00,2019,9,Friday,6,Part Three,WELLINGTON HILL ST,42.28429433,-71.09549111,"(42.28429433, -71.09549111)",2019-09-27,06:11:00
I192078253,3115,Investigate Person,INVESTIGATE PERSON,A1,84,,2019-09-27 19:00:00,2019,9,Friday,19,Part Three,N BENNET ST,42.36524662,-71.05416027,"(42.36524662, -71.05416027)",2019-09-27,19:00:00
I192078252,619,Larceny,LARCENY ALL OTHERS,E5,822,,2019-09-23 14:30:00,2019,9,Monday,14,Part One,EDGEMERE RD,42.25867638,-71.15116479,"(42.25867638, -71.15116479)",2019-09-23,14:30:00
I192078251,1842,Drug Violation,"DRUGS - POSS CLASS A - HEROIN, ETC. ",D14,790,,2019-09-27 21:14:00,2019,9,Friday,21,Part Two,ORKNEY RD,42.33735844,-71.14815254,"(42.33735844, -71.14815254)",2019-09-27,21:14:00
I192078250,3115,Investigate Person,INVESTIGATE PERSON,E13,582,,2019-09-27 20:57:00,2019,9,Friday,20,Part Three,CREIGHTON ST,42.32276657,-71.10838774,"(42.32276657, -71.10838774)",2019-09-27,20:57:00
I192078249,3410,Towed,TOWED MOTOR VEHICLE,C11,247,,2019-09-27 20:17:51,2019,9,Friday,20,Part Three,TREADWAY RD,42.31370929,-71.05824482,"(42.31370929, -71.05824482)",2019-09-27,20:17:51
I192078248,617,Larceny,LARCENY THEFT FROM BUILDING,E13,644,,2019-09-27 15:00:00,2019,9,Friday,15,Part One,ALDWORTH ST,42.30986184,-71.11888379,"(42.30986184, -71.11888379)",2019-09-27,15:00:00
I192078247,3115,Investigate Person,INVESTIGATE PERSON,B3,432,,2019-09-27 21:05:00,2019,9,Friday,21,Part Three,BALLOU AVE,42.28396082,-71.08397886,"(42.28396082, -71.08397886)",2019-09-27,21:05:00
I192078246,3301,Verbal Disputes,VERBAL DISPUTE,B3,427,,2019-09-27 20:38:00,2019,9,Friday,20,Part Three,EVELYN ST,42.27934055,-71.09130505,"(42.27934055, -71.09130505)",2019-09-27,20:38:00
I192078245,560,Other Burglary,BURGLARY - OTHER - FORCE,A7,27,,2019-09-27 21:20:00,2019,9,Friday,21,Part One,LONDON ST,42.36981561,-71.04187678,"(42.36981561, -71.04187678)",2019-09-27,21:20:00
I192078245,2405,Disorderly Conduct,DISORDERLY CONDUCT,A7,27,,2019-09-27 21:20:00,2019,9,Friday,21,Part Two,LONDON ST,42.36981561,-71.04187678,"(42.36981561, -71.04187678)",2019-09-27,21:20:00
I192078245,802,Simple Assault,ASSAULT SIMPLE - BATTERY,A7,27,,2019-09-27 21:20:00,2019,9,Friday,21,Part Two,LONDON ST,42.36981561,-71.04187678,"(42.36981561, -71.04187678)",2019-09-27,21:20:00
I192078244,2610,Other,TRESPASSING,B3,446,,2019-09-27 20:33:00,2019,9,Friday,20,Part Two,RADCLIFFE ST,42.29837812,-71.07814592,"(42.29837812, -71.07814592)",2019-09-27,20:33:00
I192078241,802,Simple Assault,ASSAULT SIMPLE - BATTERY,C6,214,,2019-09-27 19:25:00,2019,9,Friday,19,Part Two,W BROADWAY,42.33731438,-71.04852327,"(42.33731438, -71.04852327)",2019-09-27,19:25:00
I192078240,613,Larceny,LARCENY SHOPLIFTING,D4,143,,2019-09-27 20:52:00,2019,9,Friday,20,Part One,BOYLSTON ST,42.34862382,-71.08277637,"(42.34862382, -71.08277637)",2019-09-27,20:52:00
I192078240,2610,Other,TRESPASSING,D4,143,,2019-09-27 20:52:00,2019,9,Friday,20,Part Two,BOYLSTON ST,42.34862382,-71.08277637,"(42.34862382, -71.08277637)",2019-09-27,20:52:00
I192078238,3811,Motor Vehicle Accident Response,M/V ACCIDENT - INVOLVING BICYCLE - NO INJURY,D14,793,,2019-09-27 20:13:00,2019,9,Friday,20,Part Three,SCOTTFIELD RD,42.34751259,-71.13689285,"(42.34751259, -71.13689285)",2019-09-27,20:13:00
I192078237,3006,Medical Assistance,SICK/INJURED/MEDICAL - PERSON,E5,663,,2019-09-27 19:34:00,2019,9,Friday,19,Part Three,WALTER ST,42.29379688,-71.13056627,"(42.29379688, -71.13056627)",2019-09-27,19:34:00
I192078236,1842,Drug Violation,"DRUGS - POSS CLASS A - HEROIN, ETC. ",B2,279,,2019-09-27 00:47:00,2019,9,Friday,0,Part Two,HARRISON AVE,42.32929812,-71.08248425,"(42.32929812, -71.08248425)",2019-09-27,00:47:00
I192078234,3410,Towed,TOWED MOTOR VEHICLE,D4,130,,2019-09-27 17:05:00,2019,9,Friday,17,Part Three,HUNTINGTON AVE,42.34852918,-71.07805107,"(42.34852918, -71.07805107)",2019-09-27,17:05:00
I192078233,1841,Drug Violation,DRUGS - POSS CLASS A - INTENT TO MFR DIST DISP,B2,282,,2019-09-27 21:04:00,2019,9,Friday,21,Part Two,WASHINGTON ST,42.32866284,-71.08563401,"(42.32866284, -71.08563401)",2019-09-27,21:04:00
I192078232,1810,Drug Violation,DRUGS - SALE / MANUFACTURING,B2,282,,2019-09-27 00:01:00,2019,9,Friday,0,Part Two,WASHINGTON ST,42.32866284,-71.08563401,"(42.32866284, -71.08563401)",2019-09-27,00:01:00
I192078231,802,Simple Assault,ASSAULT SIMPLE - BATTERY,B3,417,,2019-09-27 21:03:00,2019,9,Friday,21,Part Two,ARMANDINE ST,42.28431486,-71.07410838,"(42.28431486, -71.07410838)",2019-09-27,21:03:00
I192078230,3201,Property Lost,PROPERTY - LOST,B2,329,,2019-09-27 16:30:00,2019,9,Friday,16,Part Three,WASHINGTON ST,42.30576686,-71.08097517,"(42.30576686, -71.08097517)",2019-09-27,16:30:00
I192078228,1810,Drug Violation,DRUGS - SALE / MANUFACTURING,C11,257,,2019-09-27 21:02:00,2019,9,Friday,21,Part Two,HANCOCK ST,42.310434,-71.0613401,"(42.31043400, -71.06134010)",2019-09-27,21:02:00
I192078227,617,Larceny,LARCENY THEFT FROM BUILDING,D14,800,,2019-09-27 15:00:00,2019,9,Friday,15,Part One,GARDNER ST,42.35361371,-71.12967302,"(42.35361371, -71.12967302)",2019-09-27,15:00:00
I192078226,3301,Verbal Disputes,VERBAL DISPUTE,B3,455,,2019-09-27 19:51:00,2019,9,Friday,19,Part Three,RADCLIFFE ST,42.30020194,-71.07835353,"(42.30020194, -71.07835353)",2019-09-27,19:51:00
I192078225,1842,Drug Violation,"DRUGS - POSS CLASS A - HEROIN, ETC. ",C6,172,,2019-09-27 18:32:00,2019,9,Friday,18,Part Two,BRADSTON ST,42.332354000000000,-71.07138696,"(42.33235400, -71.07138696)",2019-09-27,18:32:00
I192078224,613,Larceny,LARCENY SHOPLIFTING,A1,93,,2019-09-27 19:32:00,2019,9,Friday,19,Part One,FANEUIL HALL SQ,42.36020464,-71.05620816,"(42.36020464, -71.05620816)",2019-09-27,19:32:00
I192078223,3410,Towed,TOWED MOTOR VEHICLE,B3,464,,2019-09-27 20:23:00,2019,9,Friday,20,Part Three,BLUE HILL AVE,42.29171816,-71.08911807,"(42.29171816, -71.08911807)",2019-09-27,20:23:00
I192078222,3301,Verbal Disputes,VERBAL DISPUTE,E18,493,,2019-09-27 19:45:00,2019,9,Friday,19,Part Three,WOOD AVE,42.26521474,-71.11024138,"(42.26521474, -71.11024138)",2019-09-27,19:45:00
I192078220,802,Simple Assault,ASSAULT SIMPLE - BATTERY,E5,703,,2019-09-27 19:16:00,2019,9,Friday,19,Part Two,LAGRANGE ST,42.28026694,-71.15729870000000,"(42.28026694, -71.15729870)",2019-09-27,19:16:00
I192078219,3803,Motor Vehicle Accident Response,M/V ACCIDENT - PERSONAL INJURY,C6,223,,2019-09-27 19:35:00,2019,9,Friday,19,Part Three,E BROADWAY,42.33569966,-71.03128458,"(42.33569966, -71.03128458)",2019-09-27,19:35:00
I192078218,2646,Liquor Violation,LIQUOR - DRINKING IN PUBLIC,B2,280,,2019-09-27 20:04:00,2019,9,Friday,20,Part Two,WARREN ST,42.32902469,-71.08341505,"(42.32902469, -71.08341505)",2019-09-27,20:04:00
I192078217,3831,Motor Vehicle Accident Response,M/V - LEAVING SCENE - PROPERTY DAMAGE,E13,582,,2019-09-26 09:30:00,2019,9,Thursday,9,Part Three,DAY ST,42.32309351,-71.10966113,"(42.32309351, -71.10966113)",2019-09-26,09:30:00
I192078215,1102,Fraud,FRAUD - FALSE PRETENSE / SCHEME,E13,303,,2019-09-27 12:00:00,2019,9,Friday,12,Part Two,COLUMBUS AVE,42.3189886,-71.0983998,"(42.31898860, -71.09839980)",2019-09-27,12:00:00
I192078214,2647,Other,THREATS TO DO BODILY HARM,A1,74,,2019-09-27 13:40:00,2019,9,Friday,13,Part Two,NEW CHARDON ST,42.3626075,-71.06132725,"(42.36260750, -71.06132725)",2019-09-27,13:40:00
I192078212,423,Aggravated Assault,ASSAULT - AGGRAVATED,D4,285,,2019-09-27 18:14:00,2019,9,Friday,18,Part One,TREMONT ST,42.33640891,-71.08565039,"(42.33640891, -71.08565039)",2019-09-27,18:14:00
I192078211,1402,Vandalism,VANDALISM,B3,425,,2019-09-27 19:13:00,2019,9,Friday,19,Part Two,FREMONT ST,42.27022081,-71.09054336,"(42.27022081, -71.09054336)",2019-09-27,19:13:00
I192078208,3301,Verbal Disputes,VERBAL DISPUTE,B2,326,,2019-09-27 18:55:00,2019,9,Friday,18,Part Three,FAYSTON ST,42.31224327,-71.07549901,"(42.31224327, -71.07549901)",2019-09-27,18:55:00
I192078207,3115,Investigate Person,INVESTIGATE PERSON,C11,387,,2019-09-27 18:53:00,2019,9,Friday,18,Part Three,ADAMS ST,42.27230624,-71.06721386,"(42.27230624, -71.06721386)",2019-09-27,18:53:00
I192078206,614,Larceny From Motor Vehicle,LARCENY THEFT FROM MV - NON-ACCESSORY,E18,523,,2019-09-26 18:00:00,2019,9,Thursday,18,Part One,GLENWOOD AVE,42.24872,-71.12736931,"(42.24872000, -71.12736931)",2019-09-26,18:00:00
I192078205,2906,Violations,VAL - OPERATING UNREG/UNINS  CAR,B3,429,,2019-09-27 18:40:00,2019,9,Friday,18,Part Two,MORTON ST,42.28240525,-71.08822727,"(42.28240525, -71.08822727)",2019-09-27,18:40:00
I192078202,2405,Disorderly Conduct,DISORDERLY CONDUCT,A1,173,,2019-09-27 18:45:00,2019,9,Friday,18,Part Two,KNEELAND ST,42.3496598,-71.05765455,"(42.34965980, -71.05765455)",2019-09-27,18:45:00
I192078201,1841,Drug Violation,DRUGS - POSS CLASS A - INTENT TO MFR DIST DISP,D4,270,,2019-09-27 18:32:00,2019,9,Friday,18,Part Two,HARRISON AVE,42.33401829,-71.07638124,"(42.33401829, -71.07638124)",2019-09-27,18:32:00
I192078201,1842,Drug Violation,"DRUGS - POSS CLASS A - HEROIN, ETC. ",D4,270,,2019-09-27 18:32:00,2019,9,Friday,18,Part Two,HARRISON AVE,42.33401829,-71.07638124,"(42.33401829, -71.07638124)",2019-09-27,18:32:00
I192078197,3115,Investigate Person,INVESTIGATE PERSON,, ,,2019-07-30 00:00:00,2019,7,Tuesday,0,Part Three,FIRST,-1.0,-1.0,"(-1.00000000, -1.00000000)",2019-07-30,00:00:00
I192078196,3006,Medical Assistance,SICK/INJURED/MEDICAL - PERSON,C11,391,,2019-09-27 18:00:00,2019,9,Friday,18,Part Three,ADAMS ST,42.28523455,-71.05509673,"(42.28523455, -71.05509673)",2019-09-27,18:00:00
I192078195,3108,Fire Related Reports,"FIRE REPORT - HOUSE, BUILDING, ETC.",E5,910,,2019-09-27 18:10:00,2019,9,Friday,18,Part Three,BEECH ST,42.27788737,-71.13634483,"(42.27788737, -71.13634483)",2019-09-27,18:10:00
I192078193,1501,Firearm Violations,"WEAPON - FIREARM - CARRYING / POSSESSING, ETC",B2,315,,2019-09-27 18:45:00,2019,9,Friday,18,Part Two,HUMBOLDT AVE,42.31460733,-71.0883245,"(42.31460733, -71.08832450)",2019-09-27,18:45:00
I192078193,1300,Recovered Stolen Property,STOLEN PROPERTY - BUYING / RECEIVING / POSSESSING,B2,315,,2019-09-27 18:45:00,2019,9,Friday,18,Part Two,HUMBOLDT AVE,42.31460733,-71.0883245,"(42.31460733, -71.08832450)",2019-09-27,18:45:00
I192078191,1304,Recovered Stolen Property,PROPERTY - STOLEN THEN RECOVERED,E13,303,,2019-09-27 18:20:00,2019,9,Friday,18,Part Two,CENTRE ST,42.32270922,-71.09932317,"(42.32270922, -71.09932317)",2019-09-27,18:20:00
I192078190,3006,Medical Assistance,SICK/INJURED/MEDICAL - PERSON,A7,26,,2019-09-27 18:37:00,2019,9,Friday,18,Part Three,MERIDIAN ST,42.38289141,-71.03930932,"(42.38289141, -71.03930932)",2019-09-27,18:37:00
I192078187,802,Simple Assault,ASSAULT SIMPLE - BATTERY,A1,123,,2019-09-18 18:40:00,2019,9,Wednesday,18,Part Two,WASHINGTON ST,42.34997256,-71.06348817,"(42.34997256, -71.06348817)",2019-09-18,18:40:00
I192078186,3301,Verbal Disputes,VERBAL DISPUTE,C11,235,,2019-09-27 18:01:00,2019,9,Friday,18,Part Three,BUTTONWOOD ST,42.32087815,-71.05585215,"(42.32087815, -71.05585215)",2019-09-27,18:01:00
I192078185,3503,Missing Person Located,MISSING PERSON - NOT REPORTED - LOCATED,B2,180,,2019-09-27 17:57:00,2019,9,Friday,17,Part Three,DUNMORE ST,42.32579168,-71.07460835,"(42.32579168, -71.07460835)",2019-09-27,17:57:00
I192078184,619,Larceny,LARCENY ALL OTHERS,E13,652,,2019-09-27 18:23:00,2019,9,Friday,18,Part One,HAMPSTEAD RD,42.30327205,-71.11567453,"(42.30327205, -71.11567453)",2019-09-27,18:23:00
I192078183,3006,Medical Assistance,SICK/INJURED/MEDICAL - PERSON,A1,92,,2019-09-27 18:23:00,2019,9,Friday,18,Part Three,COURT ST,42.35892279,-71.05835354,"(42.35892279, -71.05835354)",2019-09-27,18:23:00
I192078182,1102,Fraud,FRAUD - FALSE PRETENSE / SCHEME,E13,303,,2019-09-27 18:42:00,2019,9,Friday,18,Part Two,W WALNUT PARK,42.31819906,-71.10008709,"(42.31819906, -71.10008709)",2019-09-27,18:42:00
I192078181,2647,Other,THREATS TO DO BODILY HARM,D14,751,,2019-09-27 15:00:00,2019,9,Friday,15,Part Two,LAKE SHORE RD,42.34379826,-71.16560344,"(42.34379826, -71.16560344)",2019-09-27,15:00:00
I192078180,1106,Confidence Games,FRAUD - CREDIT CARD / ATM FRAUD,D4,143,,2019-09-06 18:00:00,2019,9,Friday,18,Part Two,BOYLSTON ST,42.34862382,-71.08277637,"(42.34862382, -71.08277637)",2019-09-06,18:00:00
I192078179,423,Aggravated Assault,ASSAULT - AGGRAVATED,C6,192,,2019-09-27 17:59:00,2019,9,Friday,17,Part One,MOHAWK ST,42.328937100000000,-71.05571742,"(42.32893710, -71.05571742)",2019-09-27,17:59:00
I192078178,619,Larceny,LARCENY ALL OTHERS,C6,913,,2019-09-27 16:49:00,2019,9,Friday,16,Part One,NORTH POINT DR,42.32008642,-71.04121517,"(42.32008642, -71.04121517)",2019-09-27,16:49:00
I192078177,1001,Counterfeiting,FORGERY / COUNTERFEITING,E13,570,,2019-08-01 17:46:00,2019,8,Thursday,17,Part Two,FOREST HILLS ST,42.30492239,-71.10298073,"(42.30492239, -71.10298073)",2019-08-01,17:46:00
I192078176,3410,Towed,TOWED MOTOR VEHICLE,, ,,2019-08-20 16:41:00,2019,8,Tuesday,16,Part Three,,42.38112018,-71.02844337,"(42.38112018, -71.02844337)",2019-08-20,16:41:00
I192078175,614,Larceny From Motor Vehicle,LARCENY THEFT FROM MV - NON-ACCESSORY,B2,310,,2019-09-27 18:26:00,2019,9,Friday,18,Part One,MARTIN LUTHER KING JR BLV,42.31847226,-71.08409289,"(42.31847226, -71.08409289)",2019-09-27,18:26:00
I192078174,3501,Missing Person Reported,MISSING PERSON,C6,913,,2019-09-27 18:25:00,2019,9,Friday,18,Part Three,HARBOR POINT BLVD,42.3196138,-71.04158781,"(42.31961380, -71.04158781)",2019-09-27,18:25:00
I192078174,3502,Missing Person Located,MISSING PERSON - LOCATED,C6,913,,2019-09-27 18:25:00,2019,9,Friday,18,Part Three,HARBOR POINT BLVD,42.3196138,-71.04158781,"(42.31961380, -71.04158781)",2019-09-27,18:25:00
I192078173,1102,Fraud,FRAUD - FALSE PRETENSE / SCHEME,B2,315,,2019-09-27 18:24:57,2019,9,Friday,18,Part Two,WAUMBECK ST,42.31348708,-71.08460242,"(42.31348708, -71.08460242)",2019-09-27,18:24:57
I192078172,1102,Fraud,FRAUD - FALSE PRETENSE / SCHEME,A1,63,,2019-09-09 09:00:00,2019,9,Monday,9,Part Two,LONGFELLOW PL,42.3635655,-71.06449385,"(42.36356550, -71.06449385)",2019-09-09,09:00:00
I192078171,3114,Investigate Property,INVESTIGATE PROPERTY,D4,133,,2019-09-27 18:21:00,2019,9,Friday,18,Part Three,COMMONWEALTH AVE,42.35199294,-71.07706785,"(42.35199294, -71.07706785)",2019-09-27,18:21:00
I192078170,3502,Missing Person Located,MISSING PERSON - LOCATED,B3,435,,2019-09-27 18:19:00,2019,9,Friday,18,Part Three,WHITMAN ST,42.28701738,-71.07706453,"(42.28701738, -71.07706453)",2019-09-27,18:19:00
I192078170,3501,Missing Person Reported,MISSING PERSON,B3,435,,2019-09-27 18:19:00,2019,9,Friday,18,Part Three,WHITMAN ST,42.28701738,-71.07706453,"(42.28701738, -71.07706453)",2019-09-27,18:19:00
I192078169,3831,Motor Vehicle Accident Response,M/V - LEAVING SCENE - PROPERTY DAMAGE,A7,11,,2019-09-27 17:15:00,2019,9,Friday,17,Part Three,CHELSEA ST,42.38391569,-71.02266216,"(42.38391569, -71.02266216)",2019-09-27,17:15:00
I192078167,802,Simple Assault,ASSAULT SIMPLE - BATTERY,B2,323,,2019-09-27 17:33:00,2019,9,Friday,17,Part Two,QUINCY ST,42.31528744,-71.08015967,"(42.31528744, -71.08015967)",2019-09-27,17:33:00
I192078165,2662,Ballistics,BALLISTICS EVIDENCE/FOUND,E18,519,,2019-09-27 17:17:00,2019,9,Friday,17,Part Two,RIVER ST,42.25609213,-71.12079615,"(42.25609213, -71.12079615)",2019-09-27,17:17:00
I192078164,3501,Missing Person Reported,MISSING PERSON,B2,587,,2019-09-27 18:12:00,2019,9,Friday,18,Part Three,ALLEGHANY ST,42.33056977,-71.09959089,"(42.33056977, -71.09959089)",2019-09-27,18:12:00
I192078163,3831,Motor Vehicle Accident Response,M/V - LEAVING SCENE - PROPERTY DAMAGE,C6,186,,2019-09-27 18:12:00,2019,9,Friday,18,Part Three,ALLSTATE RD,42.32696647,-71.06198607,"(42.32696647, -71.06198607)",2019-09-27,18:12:00
I192078162,3801,Motor Vehicle Accident Response,M/V ACCIDENT - OTHER,A15,900,,2019-09-27 17:51:00,2019,9,Friday,17,Part Three,MONUMENT ST,42.37897108,-71.05934288,"(42.37897108, -71.05934288)",2019-09-27,17:51:00
I192078161,1402,Vandalism,VANDALISM,C6,196,,2019-09-26 14:52:00,2019,9,Thursday,14,Part Two,OLD COLONY AVE,42.33714141,-71.05656696,"(42.33714141, -71.05656696)",2019-09-26,14:52:00
I192078160,520,Residential Burglary,BURGLARY - RESIDENTIAL - FORCE,B2,237,,2019-09-27 16:56:00,2019,9,Friday,16,Part One,E COTTAGE ST,42.32103493,-71.06348926,"(42.32103493, -71.06348926)",2019-09-27,16:56:00
I192078159,3301,Verbal Disputes,VERBAL DISPUTE,B3,426,,2019-09-27 17:01:00,2019,9,Friday,17,Part Three,BLUE HILL AVE,42.26909851,-71.09361458,"(42.26909851, -71.09361458)",2019-09-27,17:01:00
I192078158,3201,Property Lost,PROPERTY - LOST,A1,86,,2019-09-27 17:55:00,2019,9,Friday,17,Part Three,SALEM ST,42.36339791,-71.05600208,"(42.36339791, -71.05600208)",2019-09-27,17:55:00
I192078157,1106,Confidence Games,FRAUD - CREDIT CARD / ATM FRAUD,D4,275,,2019-09-25 12:00:00,2019,9,Wednesday,12,Part Two,MELNEA CASS BLVD,42.33337699,-71.08176590000000,"(42.33337699, -71.08176590)",2019-09-25,12:00:00
I192078157,3201,Property Lost,PROPERTY - LOST,D4,275,,2019-09-25 12:00:00,2019,9,Wednesday,12,Part Three,MELNEA CASS BLVD,42.33337699,-71.08176590000000,"(42.33337699, -71.08176590)",2019-09-25,12:00:00
I192078157,3109,Police Service Incidents,SERVICE TO OTHER PD INSIDE OF MA.,D4,275,,2019-09-25 12:00:00,2019,9,Wednesday,12,Part Three,MELNEA CASS BLVD,42.33337699,-71.08176590000000,"(42.33337699, -71.08176590)",2019-09-25,12:00:00
I192078156,2647,Other,THREATS TO DO BODILY HARM,B3,453,,2019-09-27 17:30:00,2019,9,Friday,17,Part Two,BRADLEE ST,42.29714531,-71.07409528,"(42.29714531, -71.07409528)",2019-09-27,17:30:00
I192078155,2907,Violations,VAL - OPERATING AFTER REV/SUSP.,B3,420,,2019-09-27 17:35:00,2019,9,Friday,17,Part Two,W SELDEN ST,42.27693086,-71.08631706,"(42.27693086, -71.08631706)",2019-09-27,17:35:00
I192078153,3501,Missing Person Reported,MISSING PERSON,D4,130,,2019-09-27 16:46:00,2019,9,Friday,16,Part Three,EXETER ST,42.34828759,-71.07891773,"(42.34828759, -71.07891773)",2019-09-27,16:46:00
I192078152,3006,Medical Assistance,SICK/INJURED/MEDICAL - PERSON,C11,402,,2019-09-27 17:05:00,2019,9,Friday,17,Part Three,WASHINGTON ST,42.28277895,-71.07135525,"(42.28277895, -71.07135525)",2019-09-27,17:05:00
I192078151,1107,Fraud,FRAUD - IMPERSONATION,D4,131,,2019-09-27 14:04:00,2019,9,Friday,14,Part Two,BEACON ST,42.35451931,-71.07588082,"(42.35451931, -71.07588082)",2019-09-27,14:04:00
I192078150,3301,Verbal Disputes,VERBAL DISPUTE,B3,444,,2019-09-27 16:20:00,2019,9,Friday,16,Part Three,VESTA RD,42.296062800000000,-71.08664795,"(42.29606280, -71.08664795)",2019-09-27,16:20:00
I192078147,3501,Missing Person Reported,MISSING PERSON,E5,910,,2019-09-26 21:30:00,2019,9,Thursday,21,Part Three,JUNE ST,42.276270700000000,-71.13524551,"(42.27627070, -71.13524551)",2019-09-26,21:30:00
I192078146,619,Larceny,LARCENY ALL OTHERS,A1,67,,2019-09-27 11:43:00,2019,9,Friday,11,Part One,MYRTLE ST,42.3593314,-71.06549247,"(42.35933140, -71.06549247)",2019-09-27,11:43:00
I192078144,2647,Other,THREATS TO DO BODILY HARM,A1,86,,2019-09-27 16:43:00,2019,9,Friday,16,Part Two,SALEM ST,42.36339791,-71.05600208,"(42.36339791, -71.05600208)",2019-09-27,16:43:00
I192078143,2629,Harassment,HARASSMENT,E18,496,,2019-09-27 17:32:49,2019,9,Friday,17,Part Two,HYDE PARK AVE,42.26922388,-71.12085347,"(42.26922388, -71.12085347)",2019-09-27,17:32:49
I192078142,1402,Vandalism,VANDALISM,E13,567,,2019-09-25 15:01:00,2019,9,Wednesday,15,Part Two,GLEN RD,42.30877253,-71.10211507,"(42.30877253, -71.10211507)",2019-09-25,15:01:00
I192078141,1102,Fraud,FRAUD - FALSE PRETENSE / SCHEME,A15,54,,2019-09-26 11:31:00,2019,9,Thursday,11,Part Two,EDEN ST,42.37972223,-71.06755953,"(42.37972223, -71.06755953)",2019-09-26,11:31:00
I192078140,3801,Motor Vehicle Accident Response,M/V ACCIDENT - OTHER,D4,138,,2019-09-27 16:38:00,2019,9,Friday,16,Part Three,FAIRFIELD ST,42.34968607,-71.08217945,"(42.34968607, -71.08217945)",2019-09-27,16:38:00
I192078139,2629,Harassment,HARASSMENT,D14,801,,2019-09-27 17:15:00,2019,9,Friday,17,Part Two,CAMBRIDGE ST,42.35566664,-71.1324473,"(42.35566664, -71.13244730)",2019-09-27,17:15:00
I192078138,3201,Property Lost,PROPERTY - LOST,A1,77,,2019-09-27 17:09:00,2019,9,Friday,17,Part Three,NEW SUDBURY ST,42.36183857,-71.05976489,"(42.36183857, -71.05976489)",2019-09-27,17:09:00
I192078137,3115,Investigate Person,INVESTIGATE PERSON,E5,713,,2019-09-27 13:23:00,2019,9,Friday,13,Part Three,GROVE RD,42.26248534,-71.15784992,"(42.26248534, -71.15784992)",2019-09-27,13:23:00
I192078136,613,Larceny,LARCENY SHOPLIFTING,A15,60,,2019-09-27 15:45:00,2019,9,Friday,15,Part One,THOMPSON SQ,42.3751514,-71.0639642,"(42.37515140, -71.06396420)",2019-09-27,15:45:00
I192078135,617,Larceny,LARCENY THEFT FROM BUILDING,B2,281,,2019-09-27 16:38:00,2019,9,Friday,16,Part One,WINTHROP ST,42.32617421,-71.08118336,"(42.32617421, -71.08118336)",2019-09-27,16:38:00
I192078134,3006,Medical Assistance,SICK/INJURED/MEDICAL - PERSON,B2,324,,2019-09-27 14:43:00,2019,9,Friday,14,Part Three,INGLESIDE ST,42.31736234,-71.07724596,"(42.31736234, -71.07724596)",2019-09-27,14:43:00
I192078131,802,Simple Assault,ASSAULT SIMPLE - BATTERY,C6,256,,2019-09-27 11:50:00,2019,9,Friday,11,Part Two,MOUNT VERNON ST,42.31779354,-71.04210959,"(42.31779354, -71.04210959)",2019-09-27,11:50:00
I192078130,802,Simple Assault,ASSAULT SIMPLE - BATTERY,C6,256,,2019-09-27 16:27:00,2019,9,Friday,16,Part Two,MOUNT VERNON ST,42.31779354,-71.04210959,"(42.31779354, -71.04210959)",2019-09-27,16:27:00
I192078129,802,Simple Assault,ASSAULT SIMPLE - BATTERY,C6,256,,2019-09-27 12:15:00,2019,9,Friday,12,Part Two,MOUNT VERNON ST,42.31779354,-71.04210959,"(42.31779354, -71.04210959)",2019-09-27,12:15:00
I192078128,3801,Motor Vehicle Accident Response,M/V ACCIDENT - OTHER,E18,490,,2019-09-27 15:00:00,2019,9,Friday,15,Part Three,CUMMINS HWY,42.275316,-71.11081942,"(42.27531600, -71.11081942)",2019-09-27,15:00:00
I192078086,2647,Other,THREATS TO DO BODILY HARM,B2,261,,2019-09-27 14:15:56,2019,9,Friday,14,Part Two,BROOK AVE,42.32047753,-71.07273673,"(42.32047753, -71.07273673)",2019-09-27,14:15:56
I192078126,3831,Motor Vehicle Accident Response,M/V - LEAVING SCENE - PROPERTY DAMAGE,C6,222,,2019-09-26 08:30:00,2019,9,Thursday,8,Part Three,E SECOND ST,42.33729158,-71.03746623,"(42.33729158, -71.03746623)",2019-09-26,08:30:00
I192078125,2647,Other,THREATS TO DO BODILY HARM,A15,41,,2019-09-26 16:10:00,2019,9,Thursday,16,Part Two,BUNKER HILL ST,42.37679994,-71.05700887,"(42.37679994, -71.05700887)",2019-09-26,16:10:00
I192078123,3114,Investigate Property,INVESTIGATE PROPERTY,A1,61,,2019-09-27 16:15:00,2019,9,Friday,16,Part Three,LEGENDS WAY,42.36643546,-71.06135413,"(42.36643546, -71.06135413)",2019-09-27,16:15:00
I192078122,613,Larceny,LARCENY SHOPLIFTING,D4,143,,2019-09-27 16:01:00,2019,9,Friday,16,Part One,BOYLSTON ST,42.34862382,-71.08277637,"(42.34862382, -71.08277637)",2019-09-27,16:01:00
I192078121,2646,Liquor Violation,LIQUOR - DRINKING IN PUBLIC,B2,311,,2019-09-27 16:14:00,2019,9,Friday,16,Part Two,CLIFFORD ST,42.31985444,-71.07972518,"(42.31985444, -71.07972518)",2019-09-27,16:14:00
I192078119,619,Larceny,LARCENY ALL OTHERS,E13,645,,2019-09-27 14:27:00,2019,9,Friday,14,Part One,SEAVERNS AVE,42.31191224,-71.11246235,"(42.31191224, -71.11246235)",2019-09-27,14:27:00
I192078118,3006,Medical Assistance,SICK/INJURED/MEDICAL - PERSON,D4,619,,2019-09-27 15:03:00,2019,9,Friday,15,Part Three,WESTLAND AVE,42.34376458,-71.08866865,"(42.34376458, -71.08866865)",2019-09-27,15:03:00
I192078117,3831,Motor Vehicle Accident Response,M/V - LEAVING SCENE - PROPERTY DAMAGE,A15,42,,2019-09-27 09:35:00,2019,9,Friday,9,Part Three,DECATUR ST,42.37868909,-71.0534645,"(42.37868909, -71.05346450)",2019-09-27,09:35:00
I192078116,3831,Motor Vehicle Accident Response,M/V - LEAVING SCENE - PROPERTY DAMAGE,C11,342,,2019-09-27 14:30:00,2019,9,Friday,14,Part Three,LEVANT ST,42.30357612,-71.06880797,"(42.30357612, -71.06880797)",2019-09-27,14:30:00
I192078113,522,Residential Burglary,BURGLARY - RESIDENTIAL - NO FORCE,D4,591,,2019-09-27 14:57:00,2019,9,Friday,14,Part One,IPSWICH ST,42.34750972,-71.09011373,"(42.34750972, -71.09011373)",2019-09-27,14:57:00
I192078112,3106,Property Related Damage,PROPERTY - ACCIDENTAL DAMAGE,C6,213,,2019-09-27 14:30:00,2019,9,Friday,14,Part Three,ATHENS ST,42.33628679,-71.04582355,"(42.33628679, -71.04582355)",2019-09-27,14:30:00
I192078109,2647,Other,THREATS TO DO BODILY HARM,A15,50,,2019-09-25 11:30:00,2019,9,Wednesday,11,Part Two,RUTHERFORD AVE,42.38117064,-71.07213904,"(42.38117064, -71.07213904)",2019-09-25,11:30:00
I192078108,520,Residential Burglary,BURGLARY - RESIDENTIAL - FORCE,C11,461,,2019-09-27 14:27:00,2019,9,Friday,14,Part One,MOUNT BOWDOIN TER,42.30338366,-71.07574685,"(42.30338366, -71.07574685)",2019-09-27,14:27:00
I192078107,2647,Other,THREATS TO DO BODILY HARM,C11,340,,2019-09-27 14:33:00,2019,9,Friday,14,Part Two,DRAPER ST,42.30540715,-71.06547135,"(42.30540715, -71.06547135)",2019-09-27,14:33:00
I192078106,3114,Investigate Property,INVESTIGATE PROPERTY,E5,562,,2019-09-27 14:20:00,2019,9,Friday,14,Part Three,FLORENCE ST,42.28751274,-71.12186330000000,"(42.28751274, -71.12186330)",2019-09-27,14:20:00
I192078105,1106,Confidence Games,FRAUD - CREDIT CARD / ATM FRAUD,E5,741,,2019-09-02 10:00:00,2019,9,Monday,10,Part Two,LASELL ST,42.28876895,-71.16703807,"(42.28876895, -71.16703807)",2019-09-02,10:00:00
I192078100,3410,Towed,TOWED MOTOR VEHICLE,B2,183,,2019-09-27 13:25:00,2019,9,Friday,13,Part Three,BATCHELDER ST,42.320942200000000,-71.06931829,"(42.32094220, -71.06931829)",2019-09-27,13:25:00
I192078099,413,Aggravated Assault,ASSAULT - AGGRAVATED - BATTERY,D14,791,,2019-09-27 12:06:00,2019,9,Friday,12,Part One,COREY RD,42.34303059,-71.13963006,"(42.34303059, -71.13963006)",2019-09-27,12:06:00
I192078098,3114,Investigate Property,INVESTIGATE PROPERTY,E18,503,,2019-09-27 13:15:00,2019,9,Friday,13,Part Three,CANTERBURY ST,42.28475704,-71.10961809,"(42.28475704, -71.10961809)",2019-09-27,13:15:00
I192078098,2900,Other,VAL - VIOLATION OF AUTO LAW - OTHER,E18,503,,2019-09-27 13:15:00,2019,9,Friday,13,Part Two,CANTERBURY ST,42.28475704,-71.10961809,"(42.28475704, -71.10961809)",2019-09-27,13:15:00
I192078097,3831,Motor Vehicle Accident Response,M/V - LEAVING SCENE - PROPERTY DAMAGE,D14,802,,2019-09-23 14:30:00,2019,9,Monday,14,Part Three,BRIGHTON AVE,42.35342608,-71.13508383,"(42.35342608, -71.13508383)",2019-09-23,14:30:00
I192078095,3114,Investigate Property,INVESTIGATE PROPERTY,E18,520,,2019-09-27 14:39:00,2019,9,Friday,14,Part Three,HYDE PARK AVE,42.25621592,-71.12401947,"(42.25621592, -71.12401947)",2019-09-27,14:39:00
I192078094,3831,Motor Vehicle Accident Response,M/V - LEAVING SCENE - PROPERTY DAMAGE,B2,262,,2019-09-27 10:40:00,2019,9,Friday,10,Part Three,BLUE HILL AVE,42.32153248,-71.07738533,"(42.32153248, -71.07738533)",2019-09-27,10:40:00
I192078093,2619,Prisoner Related Incidents,FUGITIVE FROM JUSTICE,D4,172,,2019-09-27 13:30:00,2019,9,Friday,13,Part Two,ALBANY ST,42.33520569,-71.07110315,"(42.33520569, -71.07110315)",2019-09-27,13:30:00
I192078093,1842,Drug Violation,"DRUGS - POSS CLASS A - HEROIN, ETC. ",D4,172,,2019-09-27 13:30:00,2019,9,Friday,13,Part Two,ALBANY ST,42.33520569,-71.07110315,"(42.33520569, -71.07110315)",2019-09-27,13:30:00
I192078093,1503,Firearm Violations,"WEAPON - OTHER - CARRYING / POSSESSING, ETC",D4,172,,2019-09-27 13:30:00,2019,9,Friday,13,Part Two,ALBANY ST,42.33520569,-71.07110315,"(42.33520569, -71.07110315)",2019-09-27,13:30:00
I192078092,3205,License Plate Related Incidents,M/V PLATES - LOST,C6,222,,2019-09-26 12:00:00,2019,9,Thursday,12,Part Three,M ST,42.3369482,-71.03338611,"(42.33694820, -71.03338611)",2019-09-26,12:00:00
I192078091,3831,Motor Vehicle Accident Response,M/V - LEAVING SCENE - PROPERTY DAMAGE,E13,948,,2019-09-25 06:30:00,2019,9,Wednesday,6,Part Three,AMORY ST,42.31915678,-71.10067583,"(42.31915678, -71.10067583)",2019-09-25,06:30:00
I192078090,3301,Verbal Disputes,VERBAL DISPUTE,A7,907,,2019-09-27 13:13:00,2019,9,Friday,13,Part Three,SUMNER ST,42.36967378,-71.04155054,"(42.36967378, -71.04155054)",2019-09-27,13:13:00
I192078088,616,Larceny,LARCENY THEFT OF BICYCLE,D4,144,,2019-09-27 13:04:00,2019,9,Friday,13,Part One,BELVIDERE ST,42.34568199,-71.08231884,"(42.34568199, -71.08231884)",2019-09-27,13:04:00
I192078084,3006,Medical Assistance,SICK/INJURED/MEDICAL - PERSON,D4,167,,2019-09-27 11:04:00,2019,9,Friday,11,Part Three,HARRISON AVE,42.33954199,-71.06940877,"(42.33954199, -71.06940877)",2019-09-27,11:04:00
I192078082,3831,Motor Vehicle Accident Response,M/V - LEAVING SCENE - PROPERTY DAMAGE,D4,168,,2019-09-27 08:45:00,2019,9,Friday,8,Part Three,RUTLAND ST,42.33841268,-71.07427827,"(42.33841268, -71.07427827)",2019-09-27,08:45:00
I192078081,3201,Property Lost,PROPERTY - LOST,D4,146,,2019-08-27 13:57:00,2019,8,Tuesday,13,Part Three,HARCOURT ST,42.34618775,-71.07852785,"(42.34618775, -71.07852785)",2019-08-27,13:57:00
I192078080,3006,Medical Assistance,SICK/INJURED/MEDICAL - PERSON,A1,103,,2019-09-27 13:28:00,2019,9,Friday,13,Part Three,PROVINCE ST,42.35769018,-71.05938775,"(42.35769018, -71.05938775)",2019-09-27,13:28:00
I192078079,1841,Drug Violation,DRUGS - POSS CLASS A - INTENT TO MFR DIST DISP,A15,41,,2019-09-27 13:55:00,2019,9,Friday,13,Part Two,VINE ST,42.37663167,-71.05593196,"(42.37663167, -71.05593196)",2019-09-27,13:55:00
I192078078,2629,Harassment,HARASSMENT,D4,133,,2019-09-27 13:04:00,2019,9,Friday,13,Part Two,NEWBURY ST,42.35176179,-71.07452168,"(42.35176179, -71.07452168)",2019-09-27,13:04:00
I192078076,619,Larceny,LARCENY ALL OTHERS,B3,438,,2019-09-25 18:00:00,2019,9,Wednesday,18,Part One,SOUTHERN AVE,42.28948778,-71.07799371,"(42.28948778, -71.07799371)",2019-09-25,18:00:00
I192078073,617,Larceny,LARCENY THEFT FROM BUILDING,B2,278,,2019-09-27 12:30:00,2019,9,Friday,12,Part One,HARRISON AVE,42.33153805,-71.08015661,"(42.33153805, -71.08015661)",2019-09-27,12:30:00
I192078071,1102,Fraud,FRAUD - FALSE PRETENSE / SCHEME,C6,227,,2019-09-27 08:00:00,2019,9,Friday,8,Part Two,E FOURTH ST,42.33479672,-71.03248640000000,"(42.33479672, -71.03248640)",2019-09-27,08:00:00
I192078068,1402,Vandalism,VANDALISM,D4,141,,2019-09-27 13:37:00,2019,9,Friday,13,Part Two,COMMONWEALTH AVE,42.34904891,-71.0885992,"(42.34904891, -71.08859920)",2019-09-27,13:37:00
I192078067,1402,Vandalism,VANDALISM,A7,17,,2019-09-26 15:00:00,2019,9,Thursday,15,Part Two,BREMEN ST,42.37842947,-71.02778665,"(42.37842947, -71.02778665)",2019-09-26,15:00:00
I192078066,3831,Motor Vehicle Accident Response,M/V - LEAVING SCENE - PROPERTY DAMAGE,B2,259,,2019-09-23 16:15:00,2019,9,Monday,16,Part Three,MAGNOLIA ST,42.31478432,-71.07160997,"(42.31478432, -71.07160997)",2019-09-23,16:15:00
I192078065,616,Larceny,LARCENY THEFT OF BICYCLE,D14,759,,2019-09-16 10:00:00,2019,9,Monday,10,Part One,BIGELOW ST,42.35199741,-71.16768308,"(42.35199741, -71.16768308)",2019-09-16,10:00:00
I192078064,3201,Property Lost,PROPERTY - LOST,D4,140,,2019-08-01 09:00:00,2019,8,Thursday,9,Part Three,GLOUCESTER ST,42.35053286,-71.08481789,"(42.35053286, -71.08481789)",2019-08-01,09:00:00
I192078063,3207,Property Found,PROPERTY - FOUND,E5,691,,2019-09-27 13:18:00,2019,9,Friday,13,Part Three,CENTRE ST,42.28709355,-71.14822128,"(42.28709355, -71.14822128)",2019-09-27,13:18:00
I192078062,3006,Medical Assistance,SICK/INJURED/MEDICAL - PERSON,D4,135,,2019-09-27 11:23:00,2019,9,Friday,11,Part Three,BEACON ST,42.35335717,-71.08017703,"(42.35335717, -71.08017703)",2019-09-27,11:23:00
